Angle (deg);Coincidence rate T&B (Hz);g2(0) T&A&B;Coincidence rate T&A (Hz);Capture Duration (s);Counts: T;Counts: A;Counts: B;Counts: C;Counts: T&A;Counts: T&B;Counts: T&A&B;Counts: A&B;Counts: T&C;Counts: B&C
0,00000;6,85000;0,132058;47908,2;20,0000;1,73351E+7;9,15614E+6;2814,00;0,00000;958165;137,000;1,00000;10,0000;0,00000;0,00000
0,00000;6,85000;0,132058;47908,2;20,0000;1,73351E+7;9,15614E+6;2814,00;0,00000;958165;137,000;1,00000;10,0000;0,00000;0,00000
10,0000;226,550;0,156247;47791,2;20,0000;1,73508E+7;9,16083E+6;65360,0;0,00000;955825;4531,00;39,0000;154,000;0,00000;0,00000
20,0000;979,600;0,104792;48273,1;20,0000;1,73876E+7;9,17420E+6;288099;0,00000;965461;19592,0;114,000;635,000;0,00000;0,00000
40,0000;3417,20;0,0943979;49581,0;20,0000;1,74794E+7;9,25058E+6;1,03125E+6;0,00000;991619;68344,0;366,000;2483,00;0,00000;0,00000
60,0000;6185,35;0,101994;49499,8;20,0000;1,74700E+7;9,23790E+6;1,87027E+6;0,00000;989995;123707;715,000;4325,00;0,00000;0,00000
80,0000;7892,00;0,105069;48291,7;20,0000;1,73914E+7;9,18257E+6;2,45068E+6;0,00000;965833;157840;921,000;5723,00;0,00000;0,00000
100,000;7001,20;0,106936;48353,7;20,0000;1,74046E+7;9,17960E+6;2,34656E+6;0,00000;967074;140024;832,000;5393,00;0,00000;0,00000
120,000;6121,85;0,0966801;49154,3;20,0000;1,74468E+7;9,20861E+6;1,91497E+6;0,00000;983086;122437;667,000;4420,00;0,00000;0,00000
140,000;2576,55;0,112557;50203,0;20,0000;1,75413E+7;9,26623E+6;949861;0,00000;1,00406E+6;51531,0;332,000;2262,00;0,00000;0,00000
160,000;520,400;0,120532;49434,6;20,0000;1,74691E+7;9,22486E+6;225326;0,00000;988692;10408,0;71,0000;526,000;0,00000;0,00000
180,000;3,75000;0,234366;49795,4;20,0000;1,75055E+7;9,23841E+6;2376,00;0,00000;995908;75,0000;1,00000;6,00000;0,00000;0,00000
200,000;330,400;0,142066;49302,8;20,0000;1,74657E+7;9,21730E+6;151092;0,00000;986055;6608,00;53,0000;356,000;0,00000;0,00000
220,000;1193,80;0,128211;49024,9;20,0000;1,74504E+7;9,21190E+6;563169;0,00000;980498;23876,0;172,000;1292,00;0,00000;0,00000
240,000;3920,15;0,113499;49876,1;20,0000;1,75081E+7;9,24796E+6;1,48592E+6;0,00000;997521;78403,0;507,000;3449,00;0,00000;0,00000
260,000;3753,60;0,120481;49518,7;20,0000;1,74955E+7;9,23504E+6;1,62298E+6;0,00000;990374;75072,0;512,000;3765,00;0,00000;0,00000
280,000;3644,60;0,128994;49304,6;20,0000;1,74611E+7;9,22117E+6;1,60080E+6;0,00000;986091;72892,0;531,000;3756,00;0,00000;0,00000
300,000;3533,70;0,120857;48803,5;20,0000;1,74051E+7;9,19607E+6;1,46079E+6;0,00000;976069;70674,0;479,000;3265,00;0,00000;0,00000
320,000;2081,95;0,125722;47912,4;20,0000;1,73576E+7;9,15133E+6;858147;0,00000;958248;41639,0;289,000;1981,00;0,00000;0,00000
340,000;567,700;0,131207;49146,9;20,0000;1,74322E+7;9,20376E+6;241918;0,00000;982937;11354,0;84,0000;582,000;0,00000;0,00000
360,000;1,70000;0,531168;48041,2;20,0000;1,73522E+7;9,15826E+6;1695,00;0,00000;960825;34,0000;1,00000;4,00000;0,00000;0,00000
260,000;4289,45;0,126879;48350,4;20,0000;1,73692E+7;9,16950E+6;1,76370E+6;0,00000;967008;85789,0;606,000;4126,00;0,00000;0,00000
280,000;4586,50;0,110451;48601,7;20,0000;1,73999E+7;9,18114E+6;1,86141E+6;0,00000;972034;91730,0;566,000;4118,00;0,00000;0,00000
