Detector A/B to T Delay (ns) - T&A;Coincidence Rate (Hz) - T&A;Coincidence Rate (Hz) - T&B
-16,0000;273,333;20,0000
-15,5000;206,667;33,3333
-15,0000;270,000;10,0000
-14,5000;260,000;20,0000
-14,0000;270,000;6,66667
-13,5000;300,000;26,6667
-13,0000;296,667;13,3333
-12,5000;263,333;23,3333
-12,0000;246,667;16,6667
-11,5000;236,667;36,6667
-11,0000;220,000;13,3333
-10,5000;253,333;20,0000
-10,0000;286,667;30,0000
-9,50000;326,667;26,6667
-9,00000;270,000;30,0000
-8,50000;290,000;23,3333
-8,00000;246,667;40,0000
-7,50000;403,333;33,3333
-7,00000;426,667;36,6667
-6,50000;370,000;73,3333
-6,00000;596,667;163,333
-5,50000;1263,33;350,000
-5,00000;3193,33;630,000
-4,50000;6703,33;1243,33
-4,00000;11753,3;1736,67
-3,50000;18550,0;2496,67
-3,00000;27756,7;3053,33
-2,50000;36576,7;3196,67
-2,00000;41933,3;3310,00
-1,50000;44870,0;3276,67
-1,00000;45673,3;3183,33
-0,500000;44360,0;2876,67
0,00000;43033,3;2610,00
0,500000;39746,7;2033,33
1,00000;35073,3;1353,33
1,50000;28070,0;713,333
2,00000;19303,3;316,667
2,50000;9956,67;76,6667
3,00000;3990,00;36,6667
3,50000;1420,00;23,3333
4,00000;563,333;20,0000
4,50000;410,000;23,3333
5,00000;253,333;13,3333
5,50000;280,000;20,0000
6,00000;220,000;23,3333
6,50000;213,333;13,3333
7,00000;216,667;30,0000
7,50000;256,667;10,0000
8,00000;200,000;23,3333
8,50000;283,333;23,3333
9,00000;233,333;16,6667
9,50000;206,667;10,0000
10,0000;210,000;20,0000
10,5000;296,667;13,3333
11,0000;230,000;13,3333
11,5000;226,667;6,66667
12,0000;263,333;3,33333
12,5000;303,333;13,3333
13,0000;233,333;16,6667
13,5000;223,333;13,3333
14,0000;206,667;16,6667
14,5000;273,333;16,6667
15,0000;263,333;20,0000
15,5000;233,333;13,3333
16,0000;230,000;26,6667
