Stage position (µm);Coincidence rate (Hz) - T&B;Count rate (Hz) - B;g2(0) - T&A&B;Capture duration (ms);Counts - T;Counts - A;Counts - B;Counts - C;Counts - T&A;Counts - T&B;Counts - T&A&B;Counts - A&B;Counts - T&C;Counts - B&C
0,00000;100000;200000;0,00000;0,0100000;20,0000;9,00000;2,00000;0,00000;2,00000;1,00000;0,00000;0,00000;0,00000;0,00000
0,0140385;0,00000;100000;NaN;0,0100000;9,00000;4,00000;1,00000;0,00000;0,00000;0,00000;0,00000;0,00000;0,00000;0,00000
0,0183111;0,00000;0,00000;NaN;0,0100000;17,0000;10,0000;0,00000;0,00000;4,00000;0,00000;0,00000;0,00000;0,00000;0,00000
0,0384533;100000;200000;0,00000;0,0100000;23,0000;7,00000;2,00000;0,00000;1,00000;1,00000;0,00000;0,00000;0,00000;0,00000
0,0689718;100000;100000;0,00000;0,0100000;19,0000;6,00000;1,00000;0,00000;1,00000;1,00000;0,00000;0,00000;0,00000;0,00000
0,0964385;100000;200000;0,00000;0,0100000;14,0000;9,00000;2,00000;0,00000;1,00000;1,00000;0,00000;0,00000;0,00000;0,00000
0,0982696;0,00000;0,00000;NaN;0,0100000;8,00000;6,00000;0,00000;0,00000;0,00000;0,00000;0,00000;0,00000;0,00000;0,00000
0,122684;0,00000;0,00000;NaN;0,0100000;13,0000;8,00000;0,00000;0,00000;3,00000;0,00000;0,00000;0,00000;0,00000;0,00000
0,153203;0,00000;0,00000;NaN;0,0100000;9,00000;9,00000;0,00000;0,00000;0,00000;0,00000;0,00000;0,00000;0,00000;0,00000
0,158086;0,00000;100000;NaN;0,0100000;22,0000;11,0000;1,00000;0,00000;8,00000;0,00000;0,00000;0,00000;0,00000;0,00000
0,177618;0,00000;0,00000;NaN;0,0100000;16,0000;8,00000;0,00000;0,00000;2,00000;0,00000;0,00000;0,00000;0,00000;0,00000
0,209967;100000;400000;0,00000;0,0100000;24,0000;13,0000;4,00000;0,00000;1,00000;1,00000;0,00000;0,00000;0,00000;0,00000
0,236824;0,00000;100000;NaN;0,0100000;21,0000;9,00000;1,00000;0,00000;3,00000;0,00000;0,00000;0,00000;0,00000;0,00000
0,238044;100000;300000;0,00000;0,0100000;15,0000;10,0000;3,00000;0,00000;2,00000;1,00000;0,00000;0,00000;0,00000;0,00000
0,266121;200000;300000;0,00000;0,0100000;12,0000;9,00000;3,00000;0,00000;1,00000;2,00000;0,00000;0,00000;0,00000;0,00000
0,294809;0,00000;200000;NaN;0,0100000;16,0000;9,00000;2,00000;0,00000;1,00000;0,00000;0,00000;0,00000;0,00000;0,00000
0,298471;0,00000;0,00000;NaN;0,0100000;14,0000;8,00000;0,00000;0,00000;1,00000;0,00000;0,00000;0,00000;0,00000;0,00000
0,318613;100000;100000;0,00000;0,0100000;13,0000;11,0000;1,00000;0,00000;2,00000;1,00000;0,00000;0,00000;0,00000;0,00000
0,351573;200000;300000;0,00000;0,0100000;14,0000;7,00000;3,00000;0,00000;3,00000;2,00000;0,00000;0,00000;0,00000;0,00000
0,377209;0,00000;100000;NaN;0,0100000;14,0000;4,00000;1,00000;0,00000;2,00000;0,00000;0,00000;0,00000;0,00000;0,00000
0,378430;0,00000;100000;NaN;0,0100000;8,00000;12,0000;1,00000;0,00000;3,00000;0,00000;0,00000;0,00000;0,00000;0,00000
0,407117;100000;100000;0,00000;0,0100000;16,0000;12,0000;1,00000;0,00000;4,00000;1,00000;0,00000;0,00000;0,00000;0,00000
0,435804;100000;300000;0,00000;0,0100000;11,0000;9,00000;3,00000;0,00000;1,00000;1,00000;0,00000;0,00000;0,00000;0,00000
0,438246;0,00000;200000;NaN;0,0100000;13,0000;9,00000;2,00000;0,00000;2,00000;0,00000;0,00000;0,00000;0,00000;0,00000
0,463881;100000;100000;0,00000;0,0100000;17,0000;8,00000;1,00000;0,00000;3,00000;1,00000;0,00000;0,00000;0,00000;0,00000
0,495010;0,00000;0,00000;NaN;0,0100000;19,0000;8,00000;0,00000;0,00000;0,00000;0,00000;0,00000;0,00000;0,00000;0,00000
0,498062;0,00000;0,00000;NaN;0,0100000;18,0000;6,00000;0,00000;0,00000;2,00000;0,00000;0,00000;0,00000;0,00000;0,00000
0,522477;0,00000;0,00000;NaN;0,0100000;22,0000;6,00000;0,00000;0,00000;2,00000;0,00000;0,00000;0,00000;0,00000;0,00000
0,554827;0,00000;0,00000;NaN;0,0100000;13,0000;2,00000;0,00000;0,00000;0,00000;0,00000;0,00000;0,00000;0,00000;0,00000
0,557878;0,00000;100000;NaN;0,0100000;14,0000;11,0000;1,00000;0,00000;1,00000;0,00000;0,00000;0,00000;0,00000;0,00000
0,581683;0,00000;0,00000;NaN;0,0100000;20,0000;10,0000;0,00000;0,00000;3,00000;0,00000;0,00000;0,00000;0,00000;0,00000
0,614032;100000;100000;0,00000;0,0100000;16,0000;6,00000;1,00000;0,00000;1,00000;1,00000;0,00000;0,00000;0,00000;0,00000
0,618305;0,00000;0,00000;NaN;0,0100000;17,0000;8,00000;0,00000;0,00000;2,00000;0,00000;0,00000;0,00000;0,00000;0,00000
0,637837;0,00000;0,00000;NaN;0,0100000;10,0000;2,00000;0,00000;0,00000;0,00000;0,00000;0,00000;0,00000;0,00000;0,00000
0,670186;100000;200000;0,00000;0,0100000;19,0000;11,0000;2,00000;0,00000;5,00000;1,00000;0,00000;0,00000;0,00000;0,00000
0,696432;100000;200000;0,00000;0,0100000;12,0000;4,00000;2,00000;0,00000;1,00000;1,00000;0,00000;0,00000;0,00000;0,00000
0,697653;0,00000;300000;NaN;0,0100000;12,0000;5,00000;3,00000;0,00000;1,00000;0,00000;0,00000;0,00000;0,00000;0,00000
0,726951;0,00000;300000;NaN;0,0100000;16,0000;11,0000;3,00000;0,00000;1,00000;0,00000;0,00000;1,00000;0,00000;0,00000
0,756249;0,00000;100000;NaN;0,0100000;14,0000;5,00000;1,00000;0,00000;3,00000;0,00000;0,00000;0,00000;0,00000;0,00000
0,758080;300000;700000;0,00000;0,0100000;12,0000;8,00000;7,00000;0,00000;1,00000;3,00000;0,00000;0,00000;0,00000;0,00000
0,781884;0,00000;0,00000;NaN;0,0100000;15,0000;5,00000;0,00000;0,00000;1,00000;0,00000;0,00000;0,00000;0,00000;0,00000
0,814844;0,00000;100000;NaN;0,0100000;15,0000;11,0000;1,00000;0,00000;2,00000;0,00000;0,00000;0,00000;0,00000;0,00000
0,818506;100000;100000;0,00000;0,0100000;11,0000;4,00000;1,00000;0,00000;1,00000;1,00000;0,00000;0,00000;0,00000;0,00000
0,838038;100000;100000;0,00000;0,0100000;16,0000;6,00000;1,00000;0,00000;3,00000;1,00000;0,00000;0,00000;0,00000;0,00000
0,872829;100000;300000;NaN;0,0100000;14,0000;6,00000;3,00000;0,00000;0,00000;1,00000;0,00000;0,00000;0,00000;0,00000
0,878323;200000;300000;0,00000;0,0100000;16,0000;10,0000;3,00000;0,00000;1,00000;2,00000;0,00000;0,00000;0,00000;0,00000
0,897855;0,00000;0,00000;NaN;0,0100000;13,0000;10,0000;0,00000;0,00000;2,00000;0,00000;0,00000;0,00000;0,00000;0,00000
0,930815;0,00000;200000;NaN;0,0100000;15,0000;7,00000;2,00000;0,00000;1,00000;0,00000;0,00000;0,00000;0,00000;0,00000
0,956450;0,00000;0,00000;NaN;0,0100000;9,00000;8,00000;0,00000;0,00000;1,00000;0,00000;0,00000;0,00000;0,00000;0,00000
0,958281;0,00000;100000;NaN;0,0100000;19,0000;2,00000;1,00000;0,00000;1,00000;0,00000;0,00000;0,00000;0,00000;0,00000
0,983306;0,00000;0,00000;NaN;0,0100000;16,0000;9,00000;0,00000;0,00000;1,00000;0,00000;0,00000;0,00000;0,00000;0,00000
1,01382;0,00000;0,00000;NaN;0,0100000;15,0000;11,0000;0,00000;0,00000;5,00000;0,00000;0,00000;0,00000;0,00000;0,00000
1,01810;100000;100000;0,00000;0,0100000;15,0000;5,00000;1,00000;0,00000;1,00000;1,00000;0,00000;0,00000;0,00000;0,00000
1,03946;100000;300000;0,00000;0,0100000;15,0000;9,00000;3,00000;0,00000;4,00000;1,00000;0,00000;0,00000;0,00000;0,00000
1,07364;100000;200000;0,00000;0,0100000;20,0000;9,00000;2,00000;0,00000;3,00000;1,00000;0,00000;0,00000;0,00000;0,00000
1,07791;100000;200000;0,00000;0,0100000;10,0000;5,00000;2,00000;0,00000;1,00000;1,00000;0,00000;0,00000;0,00000;0,00000
1,09806;0,00000;0,00000;NaN;0,0100000;10,0000;9,00000;0,00000;0,00000;2,00000;0,00000;0,00000;0,00000;0,00000;0,00000
1,13163;100000;100000;0,00000;0,0100000;10,0000;12,0000;1,00000;0,00000;1,00000;1,00000;0,00000;0,00000;0,00000;0,00000
1,15726;100000;200000;0,00000;0,0100000;13,0000;6,00000;2,00000;0,00000;2,00000;1,00000;0,00000;0,00000;0,00000;0,00000
1,15787;0,00000;100000;NaN;0,0100000;15,0000;2,00000;1,00000;0,00000;1,00000;0,00000;0,00000;0,00000;0,00000;0,00000
1,18717;100000;200000;0,00000;0,0100000;14,0000;6,00000;2,00000;0,00000;1,00000;1,00000;0,00000;0,00000;0,00000;0,00000
1,21586;200000;400000;0,00000;0,0100000;16,0000;5,00000;4,00000;0,00000;2,00000;2,00000;0,00000;0,00000;0,00000;0,00000
1,21891;0,00000;0,00000;NaN;0,0100000;12,0000;8,00000;0,00000;0,00000;2,00000;0,00000;0,00000;0,00000;0,00000;0,00000
1,24210;0,00000;0,00000;NaN;0,0100000;17,0000;6,00000;0,00000;0,00000;1,00000;0,00000;0,00000;0,00000;0,00000;0,00000
1,27384;0,00000;100000;NaN;0,0100000;9,00000;10,0000;1,00000;0,00000;3,00000;0,00000;0,00000;0,00000;0,00000;0,00000
1,27873;0,00000;100000;NaN;0,0100000;25,0000;4,00000;1,00000;0,00000;2,00000;0,00000;0,00000;0,00000;0,00000;0,00000
1,29887;0,00000;0,00000;NaN;0,0100000;15,0000;4,00000;0,00000;0,00000;1,00000;0,00000;0,00000;0,00000;0,00000;0,00000
1,33183;200000;300000;0,00000;0,0100000;21,0000;5,00000;3,00000;0,00000;2,00000;2,00000;0,00000;0,00000;0,00000;0,00000
1,35685;0,00000;0,00000;NaN;0,0100000;15,0000;8,00000;0,00000;0,00000;3,00000;0,00000;0,00000;0,00000;0,00000;0,00000
1,35807;0,00000;0,00000;NaN;0,0100000;13,0000;7,00000;0,00000;0,00000;2,00000;0,00000;0,00000;0,00000;0,00000;0,00000
1,38615;100000;200000;0,00000;0,0100000;14,0000;5,00000;2,00000;0,00000;3,00000;1,00000;0,00000;0,00000;0,00000;0,00000
1,41484;100000;200000;0,00000;0,0100000;11,0000;4,00000;2,00000;0,00000;1,00000;1,00000;0,00000;0,00000;0,00000;0,00000
1,41789;100000;200000;0,00000;0,0100000;16,0000;7,00000;2,00000;0,00000;3,00000;1,00000;0,00000;0,00000;0,00000;0,00000
1,43986;100000;100000;NaN;0,0100000;15,0000;3,00000;1,00000;0,00000;0,00000;1,00000;0,00000;0,00000;0,00000;0,00000
1,47343;200000;400000;0,00000;0,0100000;25,0000;7,00000;4,00000;0,00000;5,00000;2,00000;0,00000;0,00000;0,00000;0,00000
1,47832;0,00000;100000;NaN;0,0100000;15,0000;6,00000;1,00000;0,00000;2,00000;0,00000;0,00000;0,00000;0,00000;0,00000
1,49846;0,00000;100000;NaN;0,0100000;14,0000;11,0000;1,00000;0,00000;3,00000;0,00000;0,00000;0,00000;0,00000;0,00000
1,53142;0,00000;0,00000;NaN;0,0100000;13,0000;9,00000;0,00000;0,00000;3,00000;0,00000;0,00000;0,00000;0,00000;0,00000
1,55705;0,00000;600000;NaN;0,0100000;16,0000;10,0000;6,00000;0,00000;3,00000;0,00000;0,00000;0,00000;0,00000;0,00000
1,55828;100000;200000;0,00000;0,0100000;18,0000;6,00000;2,00000;0,00000;3,00000;1,00000;0,00000;0,00000;0,00000;0,00000
1,58513;0,00000;0,00000;NaN;0,0100000;10,0000;7,00000;0,00000;0,00000;4,00000;0,00000;0,00000;0,00000;0,00000;0,00000
1,61504;0,00000;300000;NaN;0,0100000;4,00000;7,00000;3,00000;0,00000;1,00000;0,00000;0,00000;0,00000;0,00000;0,00000
1,61809;0,00000;100000;NaN;0,0100000;19,0000;8,00000;1,00000;0,00000;2,00000;0,00000;0,00000;0,00000;0,00000;0,00000
1,63884;0,00000;0,00000;NaN;0,0100000;17,0000;13,0000;0,00000;0,00000;4,00000;0,00000;0,00000;0,00000;0,00000;0,00000
1,67180;0,00000;200000;NaN;0,0100000;16,0000;11,0000;2,00000;0,00000;3,00000;0,00000;0,00000;0,00000;0,00000;0,00000
1,67791;0,00000;100000;NaN;0,0100000;16,0000;7,00000;1,00000;0,00000;4,00000;0,00000;0,00000;0,00000;0,00000;0,00000
1,69805;0,00000;100000;NaN;0,0100000;21,0000;11,0000;1,00000;0,00000;4,00000;0,00000;0,00000;0,00000;0,00000;0,00000
1,73162;0,00000;0,00000;NaN;0,0100000;11,0000;6,00000;0,00000;0,00000;2,00000;0,00000;0,00000;0,00000;0,00000;0,00000
1,75665;200000;400000;0,00000;0,0100000;14,0000;5,00000;4,00000;0,00000;1,00000;2,00000;0,00000;0,00000;0,00000;0,00000
1,75848;100000;500000;0,00000;0,0100000;20,0000;7,00000;5,00000;0,00000;2,00000;1,00000;0,00000;0,00000;0,00000;0,00000
1,78838;0,00000;0,00000;NaN;0,0100000;8,00000;5,00000;0,00000;0,00000;1,00000;0,00000;0,00000;0,00000;0,00000;0,00000
1,81707;0,00000;0,00000;NaN;0,0100000;13,0000;8,00000;0,00000;0,00000;3,00000;0,00000;0,00000;0,00000;0,00000;0,00000
1,81829;0,00000;0,00000;NaN;0,0100000;17,0000;7,00000;0,00000;0,00000;2,00000;0,00000;0,00000;0,00000;0,00000;0,00000
1,84576;200000;400000;0,00000;0,0100000;11,0000;9,00000;4,00000;0,00000;5,00000;2,00000;0,00000;0,00000;0,00000;0,00000
1,87506;0,00000;100000;NaN;0,0100000;10,0000;7,00000;1,00000;0,00000;2,00000;0,00000;0,00000;0,00000;0,00000;0,00000
1,87811;0,00000;200000;NaN;0,0100000;12,0000;6,00000;2,00000;0,00000;2,00000;0,00000;0,00000;0,00000;0,00000;0,00000
1,90069;0,00000;300000;NaN;0,0100000;23,0000;7,00000;3,00000;0,00000;3,00000;0,00000;0,00000;0,00000;0,00000;0,00000
1,93243;200000;500000;0,00000;0,0100000;21,0000;10,0000;5,00000;0,00000;4,00000;2,00000;0,00000;0,00000;0,00000;0,00000
1,93793;0,00000;100000;NaN;0,0100000;18,0000;9,00000;1,00000;0,00000;1,00000;0,00000;0,00000;0,00000;0,00000;0,00000
1,95807;0,00000;400000;NaN;0,0100000;17,0000;6,00000;4,00000;0,00000;2,00000;0,00000;0,00000;0,00000;0,00000;0,00000
1,98981;300000;500000;NaN;0,0100000;15,0000;3,00000;5,00000;0,00000;0,00000;3,00000;0,00000;0,00000;0,00000;0,00000
2,01727;100000;100000;0,00000;0,0100000;18,0000;10,0000;1,00000;0,00000;3,00000;1,00000;0,00000;0,00000;0,00000;0,00000
2,01849;100000;100000;0,00000;0,0100000;12,0000;5,00000;1,00000;0,00000;1,00000;1,00000;0,00000;0,00000;0,00000;0,00000
2,04840;0,00000;0,00000;NaN;0,0100000;18,0000;13,0000;0,00000;0,00000;4,00000;0,00000;0,00000;0,00000;0,00000;0,00000
2,07648;0,00000;100000;NaN;0,0100000;17,0000;2,00000;1,00000;0,00000;1,00000;0,00000;0,00000;0,00000;0,00000;0,00000
2,07831;0,00000;100000;NaN;0,0100000;19,0000;2,00000;1,00000;0,00000;0,00000;0,00000;0,00000;0,00000;0,00000;0,00000
2,10211;100000;200000;NaN;0,0100000;16,0000;6,00000;2,00000;0,00000;0,00000;1,00000;0,00000;0,00000;0,00000;0,00000
2,13324;100000;100000;0,00000;0,0100000;18,0000;9,00000;1,00000;0,00000;2,00000;1,00000;0,00000;0,00000;0,00000;0,00000
2,13813;0,00000;200000;NaN;0,0100000;9,00000;9,00000;2,00000;0,00000;0,00000;0,00000;0,00000;0,00000;0,00000;0,00000
2,15827;0,00000;400000;NaN;0,0100000;16,0000;12,0000;4,00000;0,00000;3,00000;0,00000;0,00000;0,00000;0,00000;0,00000
2,18818;100000;200000;0,00000;0,0100000;14,0000;2,00000;2,00000;0,00000;1,00000;1,00000;0,00000;0,00000;0,00000;0,00000
2,21686;100000;300000;0,00000;0,0100000;15,0000;11,0000;3,00000;0,00000;3,00000;1,00000;0,00000;0,00000;0,00000;0,00000
2,21809;100000;100000;0,00000;0,0100000;14,0000;13,0000;1,00000;0,00000;3,00000;1,00000;0,00000;0,00000;0,00000;0,00000
2,24433;0,00000;0,00000;NaN;0,0100000;14,0000;8,00000;0,00000;0,00000;2,00000;0,00000;0,00000;0,00000;0,00000;0,00000
2,27485;0,00000;200000;NaN;0,0100000;9,00000;6,00000;2,00000;0,00000;2,00000;0,00000;0,00000;0,00000;0,00000;0,00000
2,27790;100000;200000;0,00000;0,0100000;16,0000;6,00000;2,00000;0,00000;1,00000;1,00000;0,00000;0,00000;0,00000;0,00000
2,30049;0,00000;0,00000;NaN;0,0100000;16,0000;10,0000;0,00000;0,00000;5,00000;0,00000;0,00000;0,00000;0,00000;0,00000
2,33222;0,00000;0,00000;NaN;0,0100000;13,0000;6,00000;0,00000;0,00000;3,00000;0,00000;0,00000;0,00000;0,00000;0,00000
2,33833;800000;900000;0,00000;0,0100000;22,0000;5,00000;9,00000;0,00000;2,00000;8,00000;0,00000;0,00000;0,00000;0,00000
2,35908;0,00000;200000;NaN;0,0100000;12,0000;6,00000;2,00000;0,00000;1,00000;0,00000;0,00000;0,00000;0,00000;0,00000
2,38899;100000;100000;0,00000;0,0100000;17,0000;9,00000;1,00000;0,00000;4,00000;1,00000;0,00000;0,00000;0,00000;0,00000
2,41646;0,00000;0,00000;NaN;0,0100000;12,0000;5,00000;0,00000;0,00000;1,00000;0,00000;0,00000;0,00000;0,00000;0,00000
2,41890;0,00000;0,00000;NaN;0,0100000;17,0000;13,0000;0,00000;0,00000;4,00000;0,00000;0,00000;0,00000;0,00000;0,00000
2,44514;0,00000;0,00000;NaN;0,0100000;17,0000;16,0000;0,00000;0,00000;5,00000;0,00000;0,00000;0,00000;0,00000;0,00000
2,47444;0,00000;100000;NaN;0,0100000;19,0000;8,00000;1,00000;0,00000;1,00000;0,00000;0,00000;0,00000;0,00000;0,00000
2,47871;0,00000;100000;NaN;0,0100000;11,0000;6,00000;1,00000;0,00000;2,00000;0,00000;0,00000;0,00000;0,00000;0,00000
2,49886;0,00000;100000;NaN;0,0100000;15,0000;6,00000;1,00000;0,00000;1,00000;0,00000;0,00000;0,00000;0,00000;0,00000
2,53121;0,00000;100000;NaN;0,0100000;10,0000;5,00000;1,00000;0,00000;2,00000;0,00000;0,00000;0,00000;0,00000;0,00000
2,53853;0,00000;0,00000;NaN;0,0100000;17,0000;11,0000;0,00000;0,00000;2,00000;0,00000;0,00000;0,00000;0,00000;0,00000
2,55867;0,00000;100000;NaN;0,0100000;16,0000;10,0000;1,00000;0,00000;2,00000;0,00000;0,00000;0,00000;0,00000;0,00000
2,59041;0,00000;0,00000;NaN;0,0100000;9,00000;10,0000;0,00000;0,00000;1,00000;0,00000;0,00000;0,00000;0,00000;0,00000
2,61666;0,00000;300000;NaN;0,0100000;10,0000;5,00000;3,00000;0,00000;0,00000;0,00000;0,00000;0,00000;0,00000;0,00000
2,61849;0,00000;100000;NaN;0,0100000;13,0000;8,00000;1,00000;0,00000;1,00000;0,00000;0,00000;0,00000;0,00000;0,00000
2,64351;0,00000;200000;NaN;0,0100000;12,0000;6,00000;2,00000;0,00000;1,00000;0,00000;0,00000;0,00000;0,00000;0,00000
2,67464;100000;100000;0,00000;0,0100000;14,0000;13,0000;1,00000;0,00000;3,00000;1,00000;0,00000;0,00000;0,00000;0,00000
2,67830;0,00000;0,00000;NaN;0,0100000;16,0000;7,00000;0,00000;0,00000;2,00000;0,00000;0,00000;0,00000;0,00000;0,00000
2,69845;0,00000;0,00000;NaN;0,0100000;22,0000;10,0000;0,00000;0,00000;1,00000;0,00000;0,00000;0,00000;0,00000;0,00000
2,73141;0,00000;200000;NaN;0,0100000;14,0000;7,00000;2,00000;0,00000;2,00000;0,00000;0,00000;0,00000;0,00000;0,00000
2,75765;0,00000;100000;NaN;0,0100000;17,0000;7,00000;1,00000;0,00000;2,00000;0,00000;0,00000;0,00000;0,00000;0,00000
2,75765;0,00000;100000;NaN;0,0100000;11,0000;8,00000;1,00000;0,00000;0,00000;0,00000;0,00000;0,00000;0,00000;0,00000
2,78817;0,00000;0,00000;NaN;0,0100000;16,0000;4,00000;0,00000;0,00000;3,00000;0,00000;0,00000;0,00000;0,00000;0,00000
2,81625;100000;100000;NaN;0,0100000;12,0000;3,00000;1,00000;0,00000;0,00000;1,00000;0,00000;0,00000;0,00000;0,00000
2,81808;0,00000;0,00000;NaN;0,0100000;6,00000;7,00000;0,00000;0,00000;1,00000;0,00000;0,00000;0,00000;0,00000;0,00000
2,84310;0,00000;0,00000;NaN;0,0100000;18,0000;8,00000;0,00000;0,00000;4,00000;0,00000;0,00000;0,00000;0,00000;0,00000
2,87362;0,00000;0,00000;NaN;0,0100000;11,0000;7,00000;0,00000;0,00000;2,00000;0,00000;0,00000;0,00000;0,00000;0,00000
2,87790;0,00000;0,00000;NaN;0,0100000;11,0000;9,00000;0,00000;0,00000;5,00000;0,00000;0,00000;0,00000;0,00000;0,00000
2,89865;0,00000;200000;NaN;0,0100000;20,0000;8,00000;2,00000;0,00000;3,00000;0,00000;0,00000;0,00000;0,00000;0,00000
2,93161;0,00000;300000;NaN;0,0100000;16,0000;12,0000;3,00000;0,00000;2,00000;0,00000;0,00000;0,00000;0,00000;0,00000
2,95785;0,00000;400000;NaN;0,0100000;24,0000;11,0000;4,00000;0,00000;3,00000;0,00000;0,00000;0,00000;0,00000;0,00000
2,95846;0,00000;400000;NaN;0,0100000;24,0000;6,00000;4,00000;0,00000;3,00000;0,00000;0,00000;0,00000;0,00000;0,00000
2,98532;100000;200000;0,00000;0,0100000;13,0000;7,00000;2,00000;0,00000;1,00000;1,00000;0,00000;0,00000;0,00000;0,00000
3,01523;0,00000;400000;NaN;0,0100000;19,0000;6,00000;4,00000;0,00000;0,00000;0,00000;0,00000;0,00000;0,00000;0,00000
3,01889;100000;500000;0,00000;0,0100000;20,0000;7,00000;5,00000;0,00000;2,00000;1,00000;0,00000;0,00000;0,00000;0,00000
3,04086;0,00000;200000;NaN;0,0100000;23,0000;13,0000;2,00000;0,00000;3,00000;0,00000;0,00000;0,00000;0,00000;0,00000
3,07321;0,00000;300000;NaN;0,0100000;8,00000;6,00000;3,00000;0,00000;1,00000;0,00000;0,00000;1,00000;0,00000;0,00000
3,09763;0,00000;200000;NaN;0,0100000;10,0000;15,0000;2,00000;0,00000;1,00000;0,00000;0,00000;0,00000;0,00000;0,00000
3,09885;0,00000;200000;NaN;0,0100000;12,0000;5,00000;2,00000;0,00000;2,00000;0,00000;0,00000;0,00000;0,00000;0,00000
3,13120;0,00000;0,00000;NaN;0,0100000;17,0000;5,00000;0,00000;0,00000;0,00000;0,00000;0,00000;0,00000;0,00000;0,00000
3,13852;100000;400000;0,00000;0,0100000;10,0000;4,00000;4,00000;0,00000;2,00000;1,00000;0,00000;0,00000;0,00000;0,00000
3,15806;0,00000;100000;NaN;0,0100000;17,0000;13,0000;1,00000;0,00000;5,00000;0,00000;0,00000;0,00000;0,00000;0,00000
3,18735;0,00000;100000;NaN;0,0100000;16,0000;9,00000;1,00000;0,00000;4,00000;0,00000;0,00000;0,00000;0,00000;0,00000
3,21482;0,00000;0,00000;NaN;0,0100000;18,0000;14,0000;0,00000;0,00000;5,00000;0,00000;0,00000;0,00000;0,00000;0,00000
3,21848;0,00000;0,00000;NaN;0,0100000;9,00000;10,0000;0,00000;0,00000;3,00000;0,00000;0,00000;0,00000;0,00000;0,00000
3,23923;100000;100000;0,00000;0,0100000;27,0000;11,0000;1,00000;0,00000;5,00000;1,00000;0,00000;0,00000;0,00000;0,00000
3,27219;0,00000;100000;NaN;0,0100000;14,0000;10,0000;1,00000;0,00000;4,00000;0,00000;0,00000;0,00000;0,00000;0,00000
3,29783;0,00000;200000;NaN;0,0100000;11,0000;6,00000;2,00000;0,00000;1,00000;0,00000;0,00000;0,00000;0,00000;0,00000
3,29844;200000;400000;0,00000;0,0100000;13,0000;9,00000;4,00000;0,00000;3,00000;2,00000;0,00000;0,00000;0,00000;0,00000
3,32835;200000;400000;NaN;0,0100000;7,00000;8,00000;4,00000;0,00000;0,00000;2,00000;0,00000;0,00000;0,00000;0,00000
3,35704;0,00000;0,00000;NaN;0,0100000;11,0000;8,00000;0,00000;0,00000;3,00000;0,00000;0,00000;0,00000;0,00000;0,00000
3,35826;100000;100000;0,00000;0,0100000;25,0000;12,0000;1,00000;0,00000;6,00000;1,00000;0,00000;0,00000;0,00000;0,00000
3,38572;100000;200000;0,00000;0,0100000;26,0000;7,00000;2,00000;0,00000;3,00000;1,00000;0,00000;0,00000;0,00000;0,00000
3,41563;100000;300000;0,00000;0,0100000;17,0000;2,00000;3,00000;0,00000;1,00000;1,00000;0,00000;0,00000;0,00000;0,00000
3,41807;200000;600000;0,00000;0,0100000;16,0000;8,00000;6,00000;0,00000;2,00000;2,00000;0,00000;0,00000;0,00000;0,00000
3,43883;100000;300000;0,00000;0,0100000;13,0000;11,0000;3,00000;0,00000;3,00000;1,00000;0,00000;0,00000;0,00000;0,00000
3,47179;100000;300000;NaN;0,0100000;17,0000;10,0000;3,00000;0,00000;0,00000;1,00000;0,00000;0,00000;0,00000;0,00000
3,47789;100000;100000;0,00000;0,0100000;20,0000;11,0000;1,00000;0,00000;2,00000;1,00000;0,00000;0,00000;0,00000;0,00000
3,49864;0,00000;0,00000;NaN;0,0100000;10,0000;11,0000;0,00000;0,00000;2,00000;0,00000;0,00000;0,00000;0,00000;0,00000
3,53038;100000;300000;0,00000;0,0100000;18,0000;11,0000;3,00000;0,00000;3,00000;1,00000;0,00000;0,00000;0,00000;0,00000
3,55724;0,00000;200000;NaN;0,0100000;15,0000;9,00000;2,00000;0,00000;3,00000;0,00000;0,00000;0,00000;0,00000;0,00000
3,55907;0,00000;100000;NaN;0,0100000;12,0000;6,00000;1,00000;0,00000;3,00000;0,00000;0,00000;0,00000;0,00000;0,00000
3,58654;0,00000;100000;NaN;0,0100000;14,0000;8,00000;1,00000;0,00000;1,00000;0,00000;0,00000;0,00000;0,00000;0,00000
3,61644;0,00000;0,00000;NaN;0,0100000;13,0000;12,0000;0,00000;0,00000;5,00000;0,00000;0,00000;0,00000;0,00000;0,00000
3,61827;0,00000;0,00000;NaN;0,0100000;17,0000;13,0000;0,00000;0,00000;5,00000;0,00000;0,00000;0,00000;0,00000;0,00000
3,64208;100000;100000;0,00000;0,0100000;13,0000;10,0000;1,00000;0,00000;1,00000;1,00000;0,00000;0,00000;0,00000;0,00000
3,67443;0,00000;400000;NaN;0,0100000;14,0000;4,00000;4,00000;0,00000;1,00000;0,00000;0,00000;0,00000;0,00000;0,00000
3,67870;0,00000;100000;NaN;0,0100000;13,0000;9,00000;1,00000;0,00000;4,00000;0,00000;0,00000;0,00000;0,00000;0,00000
3,69884;0,00000;0,00000;NaN;0,0100000;11,0000;7,00000;0,00000;0,00000;0,00000;0,00000;0,00000;0,00000;0,00000;0,00000
3,73180;0,00000;100000;NaN;0,0100000;13,0000;12,0000;1,00000;0,00000;4,00000;0,00000;0,00000;0,00000;0,00000;0,00000
3,73791;100000;300000;NaN;0,0100000;15,0000;5,00000;3,00000;0,00000;0,00000;1,00000;0,00000;0,00000;0,00000;0,00000
3,75805;0,00000;200000;NaN;0,0100000;12,0000;11,0000;2,00000;0,00000;1,00000;0,00000;0,00000;0,00000;0,00000;0,00000
3,78796;100000;200000;0,00000;0,0100000;14,0000;11,0000;2,00000;0,00000;3,00000;1,00000;0,00000;0,00000;0,00000;0,00000
3,81664;0,00000;100000;NaN;0,0100000;13,0000;4,00000;1,00000;0,00000;3,00000;0,00000;0,00000;0,00000;0,00000;0,00000
3,81848;0,00000;0,00000;NaN;0,0100000;15,0000;8,00000;0,00000;0,00000;4,00000;0,00000;0,00000;0,00000;0,00000;0,00000
3,84350;100000;400000;0,00000;0,0100000;22,0000;11,0000;4,00000;0,00000;4,00000;1,00000;0,00000;0,00000;0,00000;0,00000
3,87524;200000;300000;0,00000;0,0100000;18,0000;4,00000;3,00000;0,00000;1,00000;2,00000;0,00000;0,00000;0,00000;0,00000
3,87890;100000;200000;0,00000;0,0100000;17,0000;16,0000;2,00000;0,00000;5,00000;1,00000;0,00000;0,00000;0,00000;0,00000
3,89966;100000;100000;0,00000;0,0100000;14,0000;6,00000;1,00000;0,00000;1,00000;1,00000;0,00000;0,00000;0,00000;0,00000
3,93384;0,00000;0,00000;NaN;0,0100000;15,0000;7,00000;0,00000;0,00000;3,00000;0,00000;0,00000;0,00000;0,00000;0,00000
3,95764;0,00000;100000;NaN;0,0100000;25,0000;8,00000;1,00000;0,00000;3,00000;0,00000;0,00000;0,00000;0,00000;0,00000
3,95825;100000;100000;0,00000;0,0100000;23,0000;9,00000;1,00000;0,00000;5,00000;1,00000;0,00000;0,00000;0,00000;0,00000
3,99121;100000;100000;0,00000;0,0100000;21,0000;6,00000;1,00000;0,00000;3,00000;1,00000;0,00000;0,00000;0,00000;0,00000
4,01746;0,00000;0,00000;NaN;0,0100000;11,0000;5,00000;0,00000;0,00000;1,00000;0,00000;0,00000;0,00000;0,00000;0,00000
4,01807;0,00000;100000;NaN;0,0100000;9,00000;12,0000;1,00000;0,00000;5,00000;0,00000;0,00000;0,00000;0,00000;0,00000
4,04981;100000;400000;0,00000;0,0100000;9,00000;7,00000;4,00000;0,00000;2,00000;1,00000;0,00000;0,00000;0,00000;0,00000
4,07727;200000;200000;0,00000;0,0100000;18,0000;13,0000;2,00000;0,00000;4,00000;2,00000;0,00000;0,00000;0,00000;0,00000
4,07788;0,00000;0,00000;NaN;0,0100000;12,0000;8,00000;0,00000;0,00000;2,00000;0,00000;0,00000;0,00000;0,00000;0,00000
4,10779;0,00000;200000;NaN;0,0100000;19,0000;7,00000;2,00000;0,00000;6,00000;0,00000;0,00000;1,00000;0,00000;0,00000
4,13709;200000;300000;0,00000;0,0100000;15,0000;8,00000;3,00000;0,00000;2,00000;2,00000;0,00000;0,00000;0,00000;0,00000
4,13892;0,00000;200000;NaN;0,0100000;10,0000;11,0000;2,00000;0,00000;3,00000;0,00000;0,00000;0,00000;0,00000;0,00000
4,16334;100000;100000;0,00000;0,0100000;19,0000;10,0000;1,00000;0,00000;1,00000;1,00000;0,00000;0,00000;0,00000;0,00000
4,19446;200000;400000;0,00000;0,0100000;18,0000;4,00000;4,00000;0,00000;2,00000;2,00000;0,00000;0,00000;0,00000;0,00000
4,19874;100000;100000;0,00000;0,0100000;21,0000;10,0000;1,00000;0,00000;3,00000;1,00000;0,00000;0,00000;0,00000;0,00000
4,21827;100000;300000;0,00000;0,0100000;9,00000;14,0000;3,00000;0,00000;3,00000;1,00000;0,00000;0,00000;0,00000;0,00000
4,25062;0,00000;0,00000;NaN;0,0100000;9,00000;10,0000;0,00000;0,00000;5,00000;0,00000;0,00000;0,00000;0,00000;0,00000
4,27747;100000;100000;0,00000;0,0100000;11,0000;7,00000;1,00000;0,00000;2,00000;1,00000;0,00000;0,00000;0,00000;0,00000
4,27808;0,00000;0,00000;NaN;0,0100000;11,0000;7,00000;0,00000;0,00000;2,00000;0,00000;0,00000;0,00000;0,00000;0,00000
4,30982;0,00000;100000;NaN;0,0100000;16,0000;9,00000;1,00000;0,00000;3,00000;0,00000;0,00000;0,00000;0,00000;0,00000
4,33668;0,00000;200000;NaN;0,0100000;16,0000;10,0000;2,00000;0,00000;2,00000;0,00000;0,00000;0,00000;0,00000;0,00000
4,33790;100000;200000;0,00000;0,0100000;17,0000;7,00000;2,00000;0,00000;2,00000;1,00000;0,00000;0,00000;0,00000;0,00000
4,36781;0,00000;200000;NaN;0,0100000;15,0000;9,00000;2,00000;0,00000;4,00000;0,00000;0,00000;0,00000;0,00000;0,00000
4,39589;0,00000;0,00000;NaN;0,0100000;19,0000;12,0000;0,00000;0,00000;3,00000;0,00000;0,00000;0,00000;0,00000;0,00000
4,39833;0,00000;0,00000;NaN;0,0100000;13,0000;6,00000;0,00000;0,00000;1,00000;0,00000;0,00000;0,00000;0,00000;0,00000
4,42091;0,00000;0,00000;NaN;0,0100000;9,00000;6,00000;0,00000;0,00000;2,00000;0,00000;0,00000;0,00000;0,00000;0,00000
4,45326;0,00000;0,00000;NaN;0,0100000;18,0000;12,0000;0,00000;0,00000;1,00000;0,00000;0,00000;0,00000;0,00000;0,00000
4,45814;100000;100000;0,00000;0,0100000;12,0000;12,0000;1,00000;0,00000;1,00000;1,00000;0,00000;0,00000;0,00000;0,00000
4,47890;0,00000;0,00000;NaN;0,0100000;12,0000;5,00000;0,00000;0,00000;2,00000;0,00000;0,00000;0,00000;0,00000;0,00000
4,50758;0,00000;200000;NaN;0,0100000;14,0000;6,00000;2,00000;0,00000;2,00000;0,00000;0,00000;0,00000;0,00000;0,00000
4,53627;200000;300000;0,00000;0,0100000;9,00000;8,00000;3,00000;0,00000;2,00000;2,00000;0,00000;0,00000;0,00000;0,00000
4,53810;0,00000;100000;NaN;0,0100000;12,0000;9,00000;1,00000;0,00000;2,00000;0,00000;0,00000;0,00000;0,00000;0,00000
4,56252;0,00000;0,00000;NaN;0,0100000;11,0000;12,0000;0,00000;0,00000;0,00000;0,00000;0,00000;0,00000;0,00000;0,00000
4,59365;200000;300000;0,00000;0,0100000;16,0000;10,0000;3,00000;0,00000;4,00000;2,00000;0,00000;0,00000;0,00000;0,00000
4,59853;100000;200000;NaN;0,0100000;13,0000;5,00000;2,00000;0,00000;0,00000;1,00000;0,00000;0,00000;0,00000;0,00000
4,61806;0,00000;300000;NaN;0,0100000;8,00000;7,00000;3,00000;0,00000;2,00000;0,00000;0,00000;0,00000;0,00000;0,00000
4,65224;100000;300000;0,00000;0,0100000;17,0000;9,00000;3,00000;0,00000;5,00000;1,00000;0,00000;0,00000;0,00000;0,00000
4,67727;0,00000;0,00000;NaN;0,0100000;11,0000;5,00000;0,00000;0,00000;1,00000;0,00000;0,00000;0,00000;0,00000;0,00000
4,67788;0,00000;100000;NaN;0,0100000;13,0000;5,00000;1,00000;0,00000;2,00000;0,00000;0,00000;0,00000;0,00000;0,00000
4,70779;0,00000;0,00000;NaN;0,0100000;27,0000;5,00000;0,00000;0,00000;1,00000;0,00000;0,00000;0,00000;0,00000;0,00000
4,73708;100000;300000;NaN;0,0100000;14,0000;7,00000;3,00000;0,00000;0,00000;1,00000;0,00000;0,00000;0,00000;0,00000
4,73830;100000;500000;0,00000;0,0100000;15,0000;11,0000;5,00000;0,00000;3,00000;1,00000;0,00000;0,00000;0,00000;0,00000
4,76272;0,00000;0,00000;NaN;0,0100000;17,0000;9,00000;0,00000;0,00000;3,00000;0,00000;0,00000;0,00000;0,00000;0,00000
4,79385;0,00000;100000;NaN;0,0100000;8,00000;5,00000;1,00000;0,00000;1,00000;0,00000;0,00000;0,00000;0,00000;0,00000
4,79873;0,00000;100000;NaN;0,0100000;14,0000;9,00000;1,00000;0,00000;1,00000;0,00000;0,00000;0,00000;0,00000;0,00000
4,81826;0,00000;0,00000;NaN;0,0100000;7,00000;7,00000;0,00000;0,00000;0,00000;0,00000;0,00000;0,00000;0,00000;0,00000
4,84939;0,00000;0,00000;NaN;0,0100000;25,0000;14,0000;0,00000;0,00000;5,00000;0,00000;0,00000;0,00000;0,00000;0,00000
4,87747;0,00000;0,00000;NaN;0,0100000;22,0000;8,00000;0,00000;0,00000;1,00000;0,00000;0,00000;0,00000;0,00000;0,00000
4,87808;100000;100000;0,00000;0,0100000;16,0000;12,0000;1,00000;0,00000;5,00000;1,00000;0,00000;0,00000;0,00000;0,00000
4,90555;0,00000;700000;NaN;0,0100000;10,0000;2,00000;7,00000;0,00000;0,00000;0,00000;0,00000;0,00000;0,00000;0,00000
4,93545;0,00000;100000;NaN;0,0100000;8,00000;3,00000;1,00000;0,00000;0,00000;0,00000;0,00000;0,00000;0,00000;0,00000
4,93789;0,00000;300000;NaN;0,0100000;17,0000;9,00000;3,00000;0,00000;1,00000;0,00000;0,00000;0,00000;0,00000;0,00000
4,96109;100000;300000;0,00000;0,0100000;11,0000;5,00000;3,00000;0,00000;1,00000;1,00000;0,00000;0,00000;0,00000;0,00000
4,99344;0,00000;100000;NaN;0,0100000;7,00000;7,00000;1,00000;0,00000;1,00000;0,00000;0,00000;0,00000;0,00000;0,00000
4,99893;0,00000;200000;NaN;0,0100000;8,00000;8,00000;2,00000;0,00000;2,00000;0,00000;0,00000;0,00000;0,00000;0,00000
5,01907;0,00000;0,00000;NaN;0,0100000;11,0000;4,00000;0,00000;0,00000;2,00000;0,00000;0,00000;0,00000;0,00000;0,00000
5,05020;0,00000;100000;NaN;0,0100000;9,00000;7,00000;1,00000;0,00000;3,00000;0,00000;0,00000;0,00000;0,00000;0,00000
5,07767;100000;100000;NaN;0,0100000;14,0000;4,00000;1,00000;0,00000;0,00000;1,00000;0,00000;0,00000;0,00000;0,00000
5,07889;100000;100000;0,00000;0,0100000;13,0000;10,0000;1,00000;0,00000;3,00000;1,00000;0,00000;0,00000;0,00000;0,00000
5,10575;100000;300000;NaN;0,0100000;8,00000;6,00000;3,00000;0,00000;0,00000;1,00000;0,00000;0,00000;0,00000;0,00000
5,13627;0,00000;200000;NaN;0,0100000;14,0000;10,0000;2,00000;0,00000;1,00000;0,00000;0,00000;0,00000;0,00000;0,00000
5,13871;0,00000;300000;NaN;0,0100000;15,0000;5,00000;3,00000;0,00000;2,00000;0,00000;0,00000;0,00000;0,00000;0,00000
5,16007;0,00000;100000;NaN;0,0100000;21,0000;7,00000;1,00000;0,00000;2,00000;0,00000;0,00000;0,00000;0,00000;0,00000
5,19364;0,00000;0,00000;NaN;0,0100000;9,00000;14,0000;0,00000;0,00000;4,00000;0,00000;0,00000;0,00000;0,00000;0,00000
5,19852;0,00000;0,00000;NaN;0,0100000;26,0000;11,0000;0,00000;0,00000;1,00000;0,00000;0,00000;0,00000;0,00000;0,00000
5,21867;0,00000;0,00000;NaN;0,0100000;9,00000;5,00000;0,00000;0,00000;1,00000;0,00000;0,00000;0,00000;0,00000;0,00000
5,25285;0,00000;100000;NaN;0,0100000;12,0000;13,0000;1,00000;0,00000;3,00000;0,00000;0,00000;0,00000;0,00000;0,00000
5,27726;100000;200000;0,00000;0,0100000;13,0000;3,00000;2,00000;0,00000;1,00000;1,00000;0,00000;0,00000;0,00000;0,00000
5,27787;100000;600000;0,00000;0,0100000;12,0000;10,0000;6,00000;0,00000;1,00000;1,00000;0,00000;0,00000;0,00000;0,00000
5,31022;100000;300000;0,00000;0,0100000;20,0000;8,00000;3,00000;0,00000;1,00000;1,00000;0,00000;0,00000;0,00000;0,00000
5,33708;0,00000;200000;NaN;0,0100000;21,0000;12,0000;2,00000;0,00000;5,00000;0,00000;0,00000;0,00000;0,00000;0,00000
5,33891;300000;500000;0,00000;0,0100000;15,0000;4,00000;5,00000;0,00000;3,00000;3,00000;0,00000;0,00000;0,00000;0,00000
5,36393;0,00000;300000;NaN;0,0100000;12,0000;7,00000;3,00000;0,00000;1,00000;0,00000;0,00000;0,00000;0,00000;0,00000
5,39445;0,00000;0,00000;NaN;0,0100000;16,0000;6,00000;0,00000;0,00000;0,00000;0,00000;0,00000;0,00000;0,00000;0,00000
5,39811;0,00000;0,00000;NaN;0,0100000;13,0000;7,00000;0,00000;0,00000;0,00000;0,00000;0,00000;0,00000;0,00000;0,00000
5,41887;100000;200000;NaN;0,0100000;15,0000;6,00000;2,00000;0,00000;0,00000;1,00000;0,00000;0,00000;0,00000;0,00000
5,45305;0,00000;300000;NaN;0,0100000;16,0000;6,00000;3,00000;0,00000;2,00000;0,00000;0,00000;0,00000;0,00000;0,00000
5,45854;0,00000;500000;NaN;0,0100000;6,00000;4,00000;5,00000;0,00000;1,00000;0,00000;0,00000;0,00000;0,00000;0,00000
5,47807;100000;300000;0,00000;0,0100000;22,0000;10,0000;3,00000;0,00000;6,00000;1,00000;0,00000;0,00000;0,00000;0,00000
5,51042;0,00000;0,00000;NaN;0,0100000;12,0000;10,0000;0,00000;0,00000;4,00000;0,00000;0,00000;0,00000;0,00000;0,00000
5,53728;100000;200000;0,00000;0,0100000;14,0000;6,00000;2,00000;0,00000;2,00000;1,00000;0,00000;0,00000;0,00000;0,00000
5,53789;0,00000;0,00000;NaN;0,0100000;9,00000;6,00000;0,00000;0,00000;0,00000;0,00000;0,00000;0,00000;0,00000;0,00000
5,56597;0,00000;100000;NaN;0,0100000;12,0000;7,00000;1,00000;0,00000;1,00000;0,00000;0,00000;0,00000;0,00000;0,00000
5,59526;0,00000;100000;NaN;0,0100000;11,0000;6,00000;1,00000;0,00000;4,00000;0,00000;0,00000;0,00000;0,00000;0,00000
5,59893;0,00000;0,00000;NaN;0,0100000;12,0000;3,00000;0,00000;0,00000;1,00000;0,00000;0,00000;0,00000;0,00000;0,00000
5,61968;0,00000;0,00000;NaN;0,0100000;11,0000;7,00000;0,00000;0,00000;1,00000;0,00000;0,00000;0,00000;0,00000;0,00000
5,65142;0,00000;100000;NaN;0,0100000;10,0000;9,00000;1,00000;0,00000;1,00000;0,00000;0,00000;0,00000;0,00000;0,00000
5,67766;0,00000;100000;NaN;0,0100000;10,0000;3,00000;1,00000;0,00000;0,00000;0,00000;0,00000;0,00000;0,00000;0,00000
5,67888;100000;200000;0,00000;0,0100000;12,0000;5,00000;2,00000;0,00000;2,00000;1,00000;0,00000;0,00000;0,00000;0,00000
5,70879;100000;600000;0,00000;0,0100000;16,0000;8,00000;6,00000;0,00000;2,00000;1,00000;0,00000;0,00000;0,00000;0,00000
5,73687;100000;300000;0,00000;0,0100000;16,0000;9,00000;3,00000;0,00000;2,00000;1,00000;0,00000;0,00000;0,00000;0,00000
5,73870;0,00000;100000;NaN;0,0100000;10,0000;7,00000;1,00000;0,00000;0,00000;0,00000;0,00000;0,00000;0,00000;0,00000
5,76800;200000;300000;0,00000;0,0100000;19,0000;9,00000;3,00000;0,00000;4,00000;2,00000;0,00000;0,00000;0,00000;0,00000
5,79669;0,00000;200000;NaN;0,0100000;10,0000;5,00000;2,00000;0,00000;3,00000;0,00000;0,00000;0,00000;0,00000;0,00000
5,79852;100000;200000;0,00000;0,0100000;14,0000;8,00000;2,00000;0,00000;2,00000;1,00000;0,00000;0,00000;0,00000;0,00000
5,82232;0,00000;0,00000;NaN;0,0100000;15,0000;10,0000;0,00000;0,00000;2,00000;0,00000;0,00000;0,00000;0,00000;0,00000
5,85345;0,00000;100000;NaN;0,0100000;13,0000;5,00000;1,00000;0,00000;0,00000;0,00000;0,00000;0,00000;0,00000;0,00000
5,85833;0,00000;300000;NaN;0,0100000;19,0000;9,00000;3,00000;0,00000;3,00000;0,00000;0,00000;0,00000;0,00000;0,00000
5,87786;0,00000;200000;NaN;0,0100000;20,0000;5,00000;2,00000;0,00000;4,00000;0,00000;0,00000;0,00000;0,00000;0,00000
5,91205;100000;400000;0,00000;0,0100000;24,0000;8,00000;4,00000;0,00000;3,00000;1,00000;0,00000;0,00000;0,00000;0,00000
5,91815;0,00000;200000;NaN;0,0100000;18,0000;8,00000;2,00000;0,00000;3,00000;0,00000;0,00000;0,00000;0,00000;0,00000
5,93890;0,00000;0,00000;NaN;0,0100000;13,0000;5,00000;0,00000;0,00000;1,00000;0,00000;0,00000;0,00000;0,00000;0,00000
5,97064;0,00000;0,00000;NaN;0,0100000;13,0000;5,00000;0,00000;0,00000;0,00000;0,00000;0,00000;0,00000;0,00000;0,00000
5,99689;0,00000;0,00000;NaN;0,0100000;13,0000;8,00000;0,00000;0,00000;1,00000;0,00000;0,00000;0,00000;0,00000;0,00000
5,99872;0,00000;100000;NaN;0,0100000;11,0000;3,00000;1,00000;0,00000;1,00000;0,00000;0,00000;0,00000;0,00000;0,00000
6,02802;100000;100000;0,00000;0,0100000;15,0000;7,00000;1,00000;0,00000;2,00000;1,00000;0,00000;0,00000;0,00000;0,00000
6,05609;100000;100000;NaN;0,0100000;10,0000;6,00000;1,00000;0,00000;0,00000;1,00000;0,00000;0,00000;0,00000;0,00000
6,05853;100000;200000;0,00000;0,0100000;20,0000;8,00000;2,00000;0,00000;4,00000;1,00000;0,00000;0,00000;0,00000;0,00000
6,08051;0,00000;300000;NaN;0,0100000;12,0000;4,00000;3,00000;0,00000;2,00000;0,00000;0,00000;0,00000;0,00000;0,00000
6,11408;100000;300000;0,00000;0,0100000;13,0000;8,00000;3,00000;0,00000;1,00000;1,00000;0,00000;0,00000;0,00000;0,00000
6,11896;0,00000;100000;NaN;0,0100000;6,00000;7,00000;1,00000;0,00000;4,00000;0,00000;0,00000;0,00000;0,00000;0,00000
6,13849;100000;500000;0,00000;0,0100000;15,0000;10,0000;5,00000;0,00000;3,00000;1,00000;0,00000;0,00000;0,00000;0,00000
6,17084;200000;400000;0,00000;0,0100000;12,0000;10,0000;4,00000;0,00000;1,00000;2,00000;0,00000;0,00000;0,00000;0,00000
6,19709;0,00000;0,00000;NaN;0,0100000;10,0000;6,00000;0,00000;0,00000;2,00000;0,00000;0,00000;0,00000;0,00000;0,00000
6,19892;0,00000;100000;NaN;0,0100000;8,00000;9,00000;1,00000;0,00000;1,00000;0,00000;0,00000;0,00000;0,00000;0,00000
6,22517;100000;200000;0,00000;0,0100000;13,0000;12,0000;2,00000;0,00000;3,00000;1,00000;0,00000;0,00000;0,00000;0,00000
6,25507;0,00000;0,00000;NaN;0,0100000;16,0000;17,0000;0,00000;0,00000;2,00000;0,00000;0,00000;0,00000;0,00000;0,00000
6,25874;100000;100000;0,00000;0,0100000;20,0000;8,00000;1,00000;0,00000;3,00000;1,00000;0,00000;0,00000;0,00000;0,00000
6,28132;100000;300000;0,00000;0,0100000;17,0000;11,0000;3,00000;0,00000;2,00000;1,00000;0,00000;0,00000;0,00000;0,00000
6,31245;0,00000;0,00000;NaN;0,0100000;13,0000;4,00000;0,00000;0,00000;1,00000;0,00000;0,00000;0,00000;0,00000;0,00000
6,31855;100000;500000;0,00000;0,0100000;11,0000;9,00000;5,00000;0,00000;2,00000;1,00000;0,00000;1,00000;0,00000;0,00000
6,33869;0,00000;0,00000;NaN;0,0100000;17,0000;7,00000;0,00000;0,00000;1,00000;0,00000;0,00000;0,00000;0,00000;0,00000
6,36921;0,00000;0,00000;NaN;0,0100000;13,0000;7,00000;0,00000;0,00000;1,00000;0,00000;0,00000;0,00000;0,00000;0,00000
6,39668;0,00000;100000;NaN;0,0100000;13,0000;4,00000;1,00000;0,00000;0,00000;0,00000;0,00000;0,00000;0,00000;0,00000
6,39851;0,00000;0,00000;NaN;0,0100000;18,0000;7,00000;0,00000;0,00000;2,00000;0,00000;0,00000;0,00000;0,00000;0,00000
6,42232;0,00000;100000;NaN;0,0100000;11,0000;8,00000;1,00000;0,00000;2,00000;0,00000;0,00000;0,00000;0,00000;0,00000
6,45344;0,00000;0,00000;NaN;0,0100000;17,0000;5,00000;0,00000;0,00000;1,00000;0,00000;0,00000;0,00000;0,00000;0,00000
6,45894;200000;300000;0,00000;0,0100000;16,0000;4,00000;3,00000;0,00000;1,00000;2,00000;0,00000;0,00000;0,00000;0,00000
6,47908;0,00000;100000;NaN;0,0100000;11,0000;9,00000;1,00000;0,00000;1,00000;0,00000;0,00000;0,00000;0,00000;0,00000
6,51143;0,00000;200000;NaN;0,0100000;14,0000;6,00000;2,00000;0,00000;2,00000;0,00000;0,00000;0,00000;0,00000;0,00000
6,51814;0,00000;0,00000;NaN;0,0100000;16,0000;9,00000;0,00000;0,00000;3,00000;0,00000;0,00000;0,00000;0,00000;0,00000
6,53890;0,00000;0,00000;NaN;0,0100000;21,0000;10,0000;0,00000;0,00000;2,00000;0,00000;0,00000;0,00000;0,00000;0,00000
6,56758;0,00000;0,00000;NaN;0,0100000;17,0000;2,00000;0,00000;0,00000;0,00000;0,00000;0,00000;0,00000;0,00000;0,00000
6,59627;300000;400000;0,00000;0,0100000;18,0000;7,00000;4,00000;0,00000;3,00000;3,00000;0,00000;0,00000;0,00000;0,00000
6,59871;100000;100000;0,00000;0,0100000;11,0000;4,00000;1,00000;0,00000;2,00000;1,00000;0,00000;0,00000;0,00000;0,00000
6,62313;0,00000;0,00000;NaN;0,0100000;18,0000;7,00000;0,00000;0,00000;3,00000;0,00000;0,00000;0,00000;0,00000;0,00000
6,65548;0,00000;100000;NaN;0,0100000;13,0000;6,00000;1,00000;0,00000;1,00000;0,00000;0,00000;0,00000;0,00000;0,00000
6,65853;100000;300000;0,00000;0,0100000;32,0000;7,00000;3,00000;0,00000;3,00000;1,00000;0,00000;0,00000;0,00000;0,00000
6,67928;0,00000;0,00000;NaN;0,0100000;9,00000;7,00000;0,00000;0,00000;1,00000;0,00000;0,00000;0,00000;0,00000;0,00000
6,71407;0,00000;200000;NaN;0,0100000;10,0000;5,00000;2,00000;0,00000;2,00000;0,00000;0,00000;0,00000;0,00000;0,00000
6,71896;100000;200000;0,00000;0,0100000;11,0000;9,00000;2,00000;0,00000;3,00000;1,00000;0,00000;0,00000;0,00000;0,00000
6,73849;0,00000;200000;NaN;0,0100000;9,00000;6,00000;2,00000;0,00000;2,00000;0,00000;0,00000;1,00000;0,00000;0,00000
6,77145;100000;100000;0,00000;0,0100000;11,0000;6,00000;1,00000;0,00000;4,00000;1,00000;0,00000;0,00000;0,00000;0,00000
6,79830;100000;100000;0,00000;0,0100000;14,0000;10,0000;1,00000;0,00000;3,00000;1,00000;0,00000;0,00000;0,00000;0,00000
6,79891;0,00000;0,00000;NaN;0,0100000;12,0000;3,00000;0,00000;0,00000;0,00000;0,00000;0,00000;0,00000;0,00000;0,00000
6,82882;0,00000;200000;NaN;0,0100000;10,0000;5,00000;2,00000;0,00000;0,00000;0,00000;0,00000;0,00000;0,00000;0,00000
6,85690;200000;300000;NaN;0,0100000;14,0000;3,00000;3,00000;0,00000;0,00000;2,00000;0,00000;0,00000;0,00000;0,00000
6,85873;0,00000;500000;NaN;0,0100000;14,0000;3,00000;5,00000;0,00000;1,00000;0,00000;0,00000;0,00000;0,00000;0,00000
6,88559;0,00000;100000;NaN;0,0100000;18,0000;6,00000;1,00000;0,00000;1,00000;0,00000;0,00000;0,00000;0,00000;0,00000
6,91488;0,00000;100000;NaN;0,0100000;18,0000;7,00000;1,00000;0,00000;4,00000;0,00000;0,00000;0,00000;0,00000;0,00000
6,91855;100000;500000;0,00000;0,0100000;12,0000;7,00000;5,00000;0,00000;4,00000;1,00000;0,00000;0,00000;0,00000;0,00000
6,94174;100000;300000;0,00000;0,0100000;14,0000;5,00000;3,00000;0,00000;2,00000;1,00000;0,00000;0,00000;0,00000;0,00000
6,97470;100000;100000;0,00000;0,0100000;22,0000;10,0000;1,00000;0,00000;4,00000;1,00000;0,00000;0,00000;0,00000;0,00000
6,97836;0,00000;200000;NaN;0,0100000;22,0000;5,00000;2,00000;0,00000;2,00000;0,00000;0,00000;0,00000;0,00000;0,00000
6,99850;0,00000;200000;NaN;0,0100000;15,0000;7,00000;2,00000;0,00000;3,00000;0,00000;0,00000;0,00000;0,00000;0,00000
7,03207;0,00000;0,00000;NaN;0,0100000;20,0000;5,00000;0,00000;0,00000;0,00000;0,00000;0,00000;0,00000;0,00000;0,00000
7,05710;0,00000;300000;NaN;0,0100000;7,00000;6,00000;3,00000;0,00000;1,00000;0,00000;0,00000;0,00000;0,00000;0,00000
7,05832;300000;300000;0,00000;0,0100000;16,0000;9,00000;3,00000;0,00000;2,00000;3,00000;0,00000;0,00000;0,00000;0,00000
7,08823;0,00000;0,00000;NaN;0,0100000;11,0000;6,00000;0,00000;0,00000;2,00000;0,00000;0,00000;0,00000;0,00000;0,00000
7,11631;0,00000;0,00000;NaN;0,0100000;10,0000;9,00000;0,00000;0,00000;2,00000;0,00000;0,00000;0,00000;0,00000;0,00000
7,11814;0,00000;0,00000;NaN;0,0100000;13,0000;9,00000;0,00000;0,00000;1,00000;0,00000;0,00000;0,00000;0,00000;0,00000
7,14499;0,00000;0,00000;NaN;0,0100000;13,0000;18,0000;0,00000;0,00000;4,00000;0,00000;0,00000;0,00000;0,00000;0,00000
7,17612;0,00000;0,00000;NaN;0,0100000;13,0000;9,00000;0,00000;0,00000;1,00000;0,00000;0,00000;0,00000;0,00000;0,00000
7,17856;100000;100000;0,00000;0,0100000;13,0000;11,0000;1,00000;0,00000;3,00000;1,00000;0,00000;0,00000;0,00000;0,00000
7,20054;0,00000;0,00000;NaN;0,0100000;14,0000;10,0000;0,00000;0,00000;3,00000;0,00000;0,00000;0,00000;0,00000;0,00000
7,23350;0,00000;200000;NaN;0,0100000;9,00000;5,00000;2,00000;0,00000;1,00000;0,00000;0,00000;0,00000;0,00000;0,00000
7,23899;100000;100000;0,00000;0,0100000;13,0000;8,00000;1,00000;0,00000;1,00000;1,00000;0,00000;0,00000;0,00000;0,00000
7,25852;0,00000;100000;NaN;0,0100000;16,0000;7,00000;1,00000;0,00000;2,00000;0,00000;0,00000;0,00000;0,00000;0,00000
7,29209;0,00000;0,00000;NaN;0,0100000;7,00000;6,00000;0,00000;0,00000;0,00000;0,00000;0,00000;0,00000;0,00000;0,00000
7,31834;0,00000;200000;NaN;0,0100000;14,0000;11,0000;2,00000;0,00000;5,00000;0,00000;0,00000;0,00000;0,00000;0,00000
7,31895;0,00000;100000;NaN;0,0100000;14,0000;5,00000;1,00000;0,00000;2,00000;0,00000;0,00000;0,00000;0,00000;0,00000
7,34886;0,00000;100000;NaN;0,0100000;13,0000;6,00000;1,00000;0,00000;1,00000;0,00000;0,00000;0,00000;0,00000;0,00000
7,37693;0,00000;100000;NaN;0,0100000;10,0000;5,00000;1,00000;0,00000;1,00000;0,00000;0,00000;0,00000;0,00000;0,00000
7,37877;100000;300000;0,00000;0,0100000;13,0000;13,0000;3,00000;0,00000;3,00000;1,00000;0,00000;0,00000;0,00000;0,00000
7,40318;0,00000;200000;NaN;0,0100000;13,0000;9,00000;2,00000;0,00000;0,00000;0,00000;0,00000;0,00000;0,00000;0,00000
7,43431;0,00000;100000;NaN;0,0100000;6,00000;5,00000;1,00000;0,00000;1,00000;0,00000;0,00000;0,00000;0,00000;0,00000
7,43858;0,00000;200000;NaN;0,0100000;16,0000;10,0000;2,00000;0,00000;3,00000;0,00000;0,00000;0,00000;0,00000;0,00000
7,45872;0,00000;100000;NaN;0,0100000;21,0000;6,00000;1,00000;0,00000;2,00000;0,00000;0,00000;0,00000;0,00000;0,00000
7,49046;0,00000;0,00000;NaN;0,0100000;21,0000;4,00000;0,00000;0,00000;1,00000;0,00000;0,00000;0,00000;0,00000;0,00000
7,51671;100000;100000;0,00000;0,0100000;13,0000;6,00000;1,00000;0,00000;1,00000;1,00000;0,00000;0,00000;0,00000;0,00000
7,51854;0,00000;0,00000;NaN;0,0100000;11,0000;7,00000;0,00000;0,00000;1,00000;0,00000;0,00000;0,00000;0,00000;0,00000
7,54662;0,00000;100000;NaN;0,0100000;13,0000;6,00000;1,00000;0,00000;1,00000;0,00000;0,00000;0,00000;0,00000;0,00000
7,57653;0,00000;100000;NaN;0,0100000;9,00000;5,00000;1,00000;0,00000;2,00000;0,00000;0,00000;0,00000;0,00000;0,00000
7,57897;0,00000;100000;NaN;0,0100000;15,0000;7,00000;1,00000;0,00000;2,00000;0,00000;0,00000;0,00000;0,00000;0,00000
7,60216;100000;300000;0,00000;0,0100000;12,0000;10,0000;3,00000;0,00000;3,00000;1,00000;0,00000;0,00000;0,00000;0,00000
7,63512;100000;200000;0,00000;0,0100000;12,0000;11,0000;2,00000;0,00000;4,00000;1,00000;0,00000;0,00000;0,00000;0,00000
7,63878;100000;100000;0,00000;0,0100000;16,0000;8,00000;1,00000;0,00000;2,00000;1,00000;0,00000;0,00000;0,00000;0,00000
7,65831;0,00000;300000;NaN;0,0100000;17,0000;12,0000;3,00000;0,00000;3,00000;0,00000;0,00000;0,00000;0,00000;0,00000
7,69311;0,00000;0,00000;NaN;0,0100000;17,0000;4,00000;0,00000;0,00000;3,00000;0,00000;0,00000;0,00000;0,00000;0,00000
7,71752;100000;300000;0,00000;0,0100000;16,0000;6,00000;3,00000;0,00000;2,00000;1,00000;0,00000;0,00000;0,00000;0,00000
7,71813;0,00000;100000;NaN;0,0100000;10,0000;8,00000;1,00000;0,00000;2,00000;0,00000;0,00000;0,00000;0,00000;0,00000
7,74926;0,00000;0,00000;NaN;0,0100000;15,0000;8,00000;0,00000;0,00000;2,00000;0,00000;0,00000;0,00000;0,00000;0,00000
7,77734;0,00000;0,00000;NaN;0,0100000;14,0000;10,0000;0,00000;0,00000;2,00000;0,00000;0,00000;0,00000;0,00000;0,00000
7,77795;100000;300000;NaN;0,0100000;12,0000;4,00000;3,00000;0,00000;0,00000;1,00000;0,00000;0,00000;0,00000;0,00000
7,80419;0,00000;0,00000;NaN;0,0100000;13,0000;7,00000;0,00000;0,00000;2,00000;0,00000;0,00000;0,00000;0,00000;0,00000
7,83471;0,00000;200000;NaN;0,0100000;18,0000;5,00000;2,00000;0,00000;3,00000;0,00000;0,00000;0,00000;0,00000;0,00000
7,83898;100000;300000;0,00000;0,0100000;11,0000;11,0000;3,00000;0,00000;2,00000;1,00000;0,00000;0,00000;0,00000;0,00000
7,86035;100000;200000;0,00000;0,0100000;12,0000;14,0000;2,00000;0,00000;4,00000;1,00000;0,00000;0,00000;0,00000;0,00000
7,89270;0,00000;0,00000;NaN;0,0100000;20,0000;12,0000;0,00000;0,00000;2,00000;0,00000;0,00000;0,00000;0,00000;0,00000
7,89880;0,00000;0,00000;NaN;0,0100000;22,0000;12,0000;0,00000;0,00000;7,00000;0,00000;0,00000;0,00000;0,00000;0,00000
7,91894;0,00000;200000;NaN;0,0100000;13,0000;4,00000;2,00000;0,00000;0,00000;0,00000;0,00000;0,00000;0,00000;0,00000
7,95068;100000;100000;0,00000;0,0100000;9,00000;11,0000;1,00000;0,00000;3,00000;1,00000;0,00000;0,00000;0,00000;0,00000
7,97754;100000;100000;0,00000;0,0100000;14,0000;6,00000;1,00000;0,00000;2,00000;1,00000;0,00000;0,00000;0,00000;0,00000
7,97876;0,00000;100000;NaN;0,0100000;13,0000;4,00000;1,00000;0,00000;3,00000;0,00000;0,00000;0,00000;0,00000;0,00000
8,00623;0,00000;200000;NaN;0,0100000;17,0000;5,00000;2,00000;0,00000;1,00000;0,00000;0,00000;0,00000;0,00000;0,00000
8,03552;0,00000;0,00000;NaN;0,0100000;15,0000;8,00000;0,00000;0,00000;3,00000;0,00000;0,00000;0,00000;0,00000;0,00000
8,03858;200000;200000;0,00000;0,0100000;18,0000;11,0000;2,00000;0,00000;4,00000;2,00000;0,00000;0,00000;0,00000;0,00000
8,05872;100000;100000;0,00000;0,0100000;14,0000;6,00000;1,00000;0,00000;2,00000;1,00000;0,00000;0,00000;0,00000;0,00000
8,09168;100000;300000;0,00000;0,0100000;15,0000;9,00000;3,00000;0,00000;2,00000;1,00000;0,00000;0,00000;0,00000;0,00000
8,11731;100000;600000;0,00000;0,0100000;14,0000;6,00000;6,00000;0,00000;3,00000;1,00000;0,00000;0,00000;0,00000;0,00000
8,11853;200000;300000;0,00000;0,0100000;17,0000;11,0000;3,00000;0,00000;4,00000;2,00000;0,00000;0,00000;0,00000;0,00000
8,14783;0,00000;400000;NaN;0,0100000;13,0000;9,00000;4,00000;0,00000;3,00000;0,00000;0,00000;0,00000;0,00000;0,00000
8,17713;0,00000;200000;NaN;0,0100000;9,00000;3,00000;2,00000;0,00000;1,00000;0,00000;0,00000;0,00000;0,00000;0,00000
8,17896;0,00000;0,00000;NaN;0,0100000;19,0000;8,00000;0,00000;0,00000;3,00000;0,00000;0,00000;0,00000;0,00000;0,00000
8,20521;0,00000;0,00000;NaN;0,0100000;10,0000;8,00000;0,00000;0,00000;1,00000;0,00000;0,00000;0,00000;0,00000;0,00000
8,23572;0,00000;100000;NaN;0,0100000;11,0000;12,0000;1,00000;0,00000;1,00000;0,00000;0,00000;0,00000;0,00000;0,00000
8,23878;0,00000;300000;NaN;0,0100000;12,0000;7,00000;3,00000;0,00000;1,00000;0,00000;0,00000;0,00000;0,00000;0,00000
8,26136;0,00000;100000;NaN;0,0100000;14,0000;4,00000;1,00000;0,00000;1,00000;0,00000;0,00000;0,00000;0,00000;0,00000
8,29493;0,00000;100000;NaN;0,0100000;6,00000;11,0000;1,00000;0,00000;2,00000;0,00000;0,00000;0,00000;0,00000;0,00000
8,29920;0,00000;200000;NaN;0,0100000;15,0000;7,00000;2,00000;0,00000;1,00000;0,00000;0,00000;0,00000;0,00000;0,00000
8,31812;0,00000;0,00000;NaN;0,0100000;10,0000;13,0000;0,00000;0,00000;3,00000;0,00000;0,00000;0,00000;0,00000;0,00000
8,35047;100000;200000;0,00000;0,0100000;16,0000;7,00000;2,00000;0,00000;2,00000;1,00000;0,00000;0,00000;0,00000;0,00000
8,37611;100000;100000;0,00000;0,0100000;21,0000;10,0000;1,00000;0,00000;5,00000;1,00000;0,00000;0,00000;0,00000;0,00000
8,37794;100000;100000;0,00000;0,0100000;20,0000;7,00000;1,00000;0,00000;1,00000;1,00000;0,00000;0,00000;0,00000;0,00000
8,40297;0,00000;100000;NaN;0,0100000;13,0000;8,00000;1,00000;0,00000;3,00000;0,00000;0,00000;0,00000;0,00000;0,00000
8,43471;0,00000;0,00000;NaN;0,0100000;9,00000;5,00000;0,00000;0,00000;2,00000;0,00000;0,00000;0,00000;0,00000;0,00000
8,43898;0,00000;100000;NaN;0,0100000;14,0000;7,00000;1,00000;0,00000;3,00000;0,00000;0,00000;0,00000;0,00000;0,00000
8,45851;0,00000;100000;NaN;0,0100000;17,0000;8,00000;1,00000;0,00000;1,00000;0,00000;0,00000;0,00000;0,00000;0,00000
8,49086;100000;200000;0,00000;0,0100000;13,0000;11,0000;2,00000;0,00000;4,00000;1,00000;0,00000;0,00000;0,00000;0,00000
8,51711;0,00000;0,00000;NaN;0,0100000;16,0000;6,00000;0,00000;0,00000;3,00000;0,00000;0,00000;0,00000;0,00000;0,00000
8,51894;0,00000;300000;NaN;0,0100000;9,00000;10,0000;3,00000;0,00000;2,00000;0,00000;0,00000;0,00000;0,00000;0,00000
8,54579;0,00000;200000;NaN;0,0100000;14,0000;4,00000;2,00000;0,00000;2,00000;0,00000;0,00000;0,00000;0,00000;0,00000
8,57570;0,00000;0,00000;NaN;0,0100000;17,0000;9,00000;0,00000;0,00000;2,00000;0,00000;0,00000;0,00000;0,00000;0,00000
8,57875;200000;200000;0,00000;0,0100000;20,0000;8,00000;2,00000;0,00000;3,00000;2,00000;0,00000;0,00000;0,00000;0,00000
8,60256;0,00000;100000;NaN;0,0100000;15,0000;9,00000;1,00000;0,00000;2,00000;0,00000;0,00000;0,00000;0,00000;0,00000
8,63430;0,00000;0,00000;NaN;0,0100000;22,0000;2,00000;0,00000;0,00000;1,00000;0,00000;0,00000;0,00000;0,00000;0,00000
8,63857;0,00000;0,00000;NaN;0,0100000;6,00000;8,00000;0,00000;0,00000;1,00000;0,00000;0,00000;0,00000;0,00000;0,00000
8,65871;0,00000;100000;NaN;0,0100000;13,0000;13,0000;1,00000;0,00000;3,00000;0,00000;0,00000;0,00000;0,00000;0,00000
8,68862;0,00000;100000;NaN;0,0100000;24,0000;5,00000;1,00000;0,00000;2,00000;0,00000;0,00000;0,00000;0,00000;0,00000
8,71731;0,00000;0,00000;NaN;0,0100000;15,0000;9,00000;0,00000;0,00000;4,00000;0,00000;0,00000;0,00000;0,00000;0,00000
8,71792;0,00000;0,00000;NaN;0,0100000;12,0000;7,00000;0,00000;0,00000;3,00000;0,00000;0,00000;0,00000;0,00000;0,00000
8,74783;0,00000;100000;NaN;0,0100000;13,0000;7,00000;1,00000;0,00000;1,00000;0,00000;0,00000;0,00000;0,00000;0,00000
8,77651;0,00000;100000;NaN;0,0100000;15,0000;9,00000;1,00000;0,00000;3,00000;0,00000;0,00000;0,00000;0,00000;0,00000
8,77834;0,00000;0,00000;NaN;0,0100000;8,00000;6,00000;0,00000;0,00000;1,00000;0,00000;0,00000;0,00000;0,00000;0,00000
8,80215;100000;300000;0,00000;0,0100000;14,0000;11,0000;3,00000;0,00000;2,00000;1,00000;0,00000;0,00000;0,00000;0,00000
8,83450;0,00000;300000;NaN;0,0100000;13,0000;3,00000;3,00000;0,00000;2,00000;0,00000;0,00000;0,00000;0,00000;0,00000
8,83877;0,00000;0,00000;NaN;0,0100000;16,0000;4,00000;0,00000;0,00000;0,00000;0,00000;0,00000;0,00000;0,00000;0,00000
8,85891;200000;200000;0,00000;0,0100000;7,00000;6,00000;2,00000;0,00000;1,00000;2,00000;0,00000;0,00000;0,00000;0,00000
8,89126;0,00000;200000;NaN;0,0100000;11,0000;7,00000;2,00000;0,00000;1,00000;0,00000;0,00000;0,00000;0,00000;0,00000
8,91812;0,00000;300000;NaN;0,0100000;13,0000;6,00000;3,00000;0,00000;1,00000;0,00000;0,00000;0,00000;0,00000;0,00000
8,91812;0,00000;200000;NaN;0,0100000;11,0000;6,00000;2,00000;0,00000;1,00000;0,00000;0,00000;0,00000;0,00000;0,00000
8,94925;100000;200000;0,00000;0,0100000;17,0000;17,0000;2,00000;0,00000;5,00000;1,00000;0,00000;0,00000;0,00000;0,00000
8,97610;100000;100000;0,00000;0,0100000;16,0000;6,00000;1,00000;0,00000;3,00000;1,00000;0,00000;0,00000;0,00000;0,00000
8,97855;0,00000;0,00000;NaN;0,0100000;21,0000;7,00000;0,00000;0,00000;3,00000;0,00000;0,00000;0,00000;0,00000;0,00000
9,00296;100000;100000;NaN;0,0100000;10,0000;8,00000;1,00000;0,00000;0,00000;1,00000;0,00000;0,00000;0,00000;0,00000
9,03409;200000;300000;0,00000;0,0100000;34,0000;8,00000;3,00000;0,00000;5,00000;2,00000;0,00000;0,00000;0,00000;0,00000
9,03836;0,00000;100000;NaN;0,0100000;18,0000;10,0000;1,00000;0,00000;4,00000;0,00000;0,00000;0,00000;0,00000;0,00000
9,05911;0,00000;200000;NaN;0,0100000;13,0000;17,0000;2,00000;0,00000;1,00000;0,00000;0,00000;0,00000;0,00000;0,00000
9,09330;0,00000;100000;NaN;0,0100000;10,0000;5,00000;1,00000;0,00000;1,00000;0,00000;0,00000;0,00000;0,00000;0,00000
9,09879;0,00000;0,00000;NaN;0,0100000;9,00000;14,0000;0,00000;0,00000;3,00000;0,00000;0,00000;0,00000;0,00000;0,00000
9,11893;0,00000;0,00000;NaN;0,0100000;15,0000;9,00000;0,00000;0,00000;4,00000;0,00000;0,00000;0,00000;0,00000;0,00000
9,15006;0,00000;100000;NaN;0,0100000;18,0000;9,00000;1,00000;0,00000;3,00000;0,00000;0,00000;0,00000;0,00000;0,00000
9,17753;0,00000;0,00000;NaN;0,0100000;18,0000;6,00000;0,00000;0,00000;2,00000;0,00000;0,00000;0,00000;0,00000;0,00000
9,17875;100000;200000;0,00000;0,0100000;20,0000;3,00000;2,00000;0,00000;1,00000;1,00000;0,00000;0,00000;0,00000;0,00000
9,20560;100000;100000;0,00000;0,0100000;15,0000;6,00000;1,00000;0,00000;3,00000;1,00000;0,00000;0,00000;0,00000;0,00000
9,23612;100000;200000;0,00000;0,0100000;13,0000;7,00000;2,00000;0,00000;1,00000;1,00000;0,00000;0,00000;0,00000;0,00000
9,23856;0,00000;0,00000;NaN;0,0100000;15,0000;14,0000;0,00000;0,00000;5,00000;0,00000;0,00000;0,00000;0,00000;0,00000
9,25993;100000;300000;0,00000;0,0100000;15,0000;8,00000;3,00000;0,00000;4,00000;1,00000;0,00000;0,00000;0,00000;0,00000
9,29411;0,00000;200000;NaN;0,0100000;10,0000;10,0000;2,00000;0,00000;1,00000;0,00000;0,00000;0,00000;0,00000;0,00000
9,29899;100000;100000;0,00000;0,0100000;14,0000;11,0000;1,00000;0,00000;2,00000;1,00000;0,00000;0,00000;0,00000;0,00000
9,31852;200000;400000;0,00000;0,0100000;10,0000;6,00000;4,00000;0,00000;1,00000;2,00000;0,00000;0,00000;0,00000;0,00000
9,34904;0,00000;0,00000;NaN;0,0100000;21,0000;7,00000;0,00000;0,00000;1,00000;0,00000;0,00000;0,00000;0,00000;0,00000
9,37712;0,00000;200000;NaN;0,0100000;33,0000;5,00000;2,00000;0,00000;2,00000;0,00000;0,00000;0,00000;0,00000;0,00000
9,37895;200000;200000;0,00000;0,0100000;33,0000;9,00000;2,00000;0,00000;4,00000;2,00000;0,00000;0,00000;0,00000;0,00000
9,40580;0,00000;0,00000;NaN;0,0100000;11,0000;5,00000;0,00000;0,00000;3,00000;0,00000;0,00000;0,00000;0,00000;0,00000
9,43510;0,00000;0,00000;NaN;0,0100000;15,0000;10,0000;0,00000;0,00000;0,00000;0,00000;0,00000;0,00000;0,00000;0,00000
9,43876;100000;100000;0,00000;0,0100000;20,0000;8,00000;1,00000;0,00000;3,00000;1,00000;0,00000;0,00000;0,00000;0,00000
9,46135;100000;100000;0,00000;0,0100000;12,0000;11,0000;1,00000;0,00000;1,00000;1,00000;0,00000;0,00000;0,00000;0,00000
9,49248;0,00000;0,00000;NaN;0,0100000;14,0000;5,00000;0,00000;0,00000;0,00000;0,00000;0,00000;0,00000;0,00000;0,00000
9,49858;0,00000;0,00000;NaN;0,0100000;16,0000;8,00000;0,00000;0,00000;2,00000;0,00000;0,00000;0,00000;0,00000;0,00000
9,51811;0,00000;0,00000;NaN;0,0100000;13,0000;6,00000;0,00000;0,00000;3,00000;0,00000;0,00000;0,00000;0,00000;0,00000
9,55107;0,00000;0,00000;NaN;0,0100000;13,0000;9,00000;0,00000;0,00000;3,00000;0,00000;0,00000;0,00000;0,00000;0,00000
9,57671;0,00000;100000;NaN;0,0100000;12,0000;9,00000;1,00000;0,00000;2,00000;0,00000;0,00000;0,00000;0,00000;0,00000
9,57854;0,00000;0,00000;NaN;0,0100000;8,00000;4,00000;0,00000;0,00000;0,00000;0,00000;0,00000;0,00000;0,00000;0,00000
9,60234;0,00000;100000;NaN;0,0100000;17,0000;15,0000;1,00000;0,00000;2,00000;0,00000;0,00000;0,00000;0,00000;0,00000
9,63408;100000;200000;0,00000;0,0100000;16,0000;12,0000;2,00000;0,00000;5,00000;1,00000;0,00000;0,00000;0,00000;0,00000
9,63897;100000;100000;0,00000;0,0100000;7,00000;9,00000;1,00000;0,00000;2,00000;1,00000;0,00000;0,00000;0,00000;0,00000
9,65850;0,00000;400000;NaN;0,0100000;10,0000;8,00000;4,00000;0,00000;1,00000;0,00000;0,00000;0,00000;0,00000;0,00000
9,68902;100000;300000;NaN;0,0100000;13,0000;8,00000;3,00000;0,00000;0,00000;1,00000;0,00000;0,00000;0,00000;0,00000
9,71770;0,00000;200000;NaN;0,0100000;14,0000;11,0000;2,00000;0,00000;1,00000;0,00000;0,00000;0,00000;0,00000;0,00000
9,71892;0,00000;200000;NaN;0,0100000;15,0000;11,0000;2,00000;0,00000;4,00000;0,00000;0,00000;0,00000;0,00000;0,00000
9,74761;300000;600000;NaN;0,0100000;15,0000;7,00000;6,00000;0,00000;0,00000;3,00000;0,00000;0,00000;0,00000;0,00000
9,77691;100000;200000;NaN;0,0100000;10,0000;5,00000;2,00000;0,00000;0,00000;1,00000;0,00000;0,00000;0,00000;0,00000
9,77874;100000;100000;0,00000;0,0100000;14,0000;9,00000;1,00000;0,00000;1,00000;1,00000;0,00000;0,00000;0,00000;0,00000
9,80071;0,00000;0,00000;NaN;0,0100000;10,0000;10,0000;0,00000;0,00000;2,00000;0,00000;0,00000;0,00000;0,00000;0,00000
9,83245;0,00000;200000;NaN;0,0100000;15,0000;11,0000;2,00000;0,00000;2,00000;0,00000;0,00000;0,00000;0,00000;0,00000
9,83856;100000;200000;0,00000;0,0100000;10,0000;7,00000;2,00000;0,00000;4,00000;1,00000;0,00000;0,00000;0,00000;0,00000
9,85870;0,00000;0,00000;NaN;0,0100000;19,0000;7,00000;0,00000;0,00000;4,00000;0,00000;0,00000;0,00000;0,00000;0,00000
9,89044;0,00000;100000;NaN;0,0100000;20,0000;9,00000;1,00000;0,00000;2,00000;0,00000;0,00000;0,00000;0,00000;0,00000
9,91668;0,00000;100000;NaN;0,0100000;10,0000;16,0000;1,00000;0,00000;3,00000;0,00000;0,00000;0,00000;0,00000;0,00000
9,91852;0,00000;0,00000;NaN;0,0100000;15,0000;8,00000;0,00000;0,00000;3,00000;0,00000;0,00000;0,00000;0,00000;0,00000
9,94476;0,00000;0,00000;NaN;0,0100000;12,0000;9,00000;0,00000;0,00000;3,00000;0,00000;0,00000;0,00000;0,00000;0,00000
9,97650;0,00000;0,00000;NaN;0,0100000;13,0000;9,00000;0,00000;0,00000;2,00000;0,00000;0,00000;0,00000;0,00000;0,00000
9,97894;100000;400000;NaN;0,0100000;11,0000;2,00000;4,00000;0,00000;0,00000;1,00000;0,00000;0,00000;0,00000;0,00000
