Data Point - T;Count Rate (Hz) - T;Data Point - A;Count Rate (Hz) - A;Data Point - B;Count Rate (Hz) - B;Data Point - C;Count Rate (Hz) - C
1194;84,911;1194;382,722k;1194;215,073k;1194;0
1195;112,48;1195;382,327k;1195;216,12k;1195;0
1196;115,279;1196;381,165k;1196;214,216k;1196;0
1197;82,3338;1197;382,382k;1197;214,304k;1197;0
1198;138,87;1198;383,493k;1198;213,847k;1198;0
1199;79,2662;1199;383,34k;1199;212,903k;1199;0
1200;86,3258;1200;384,681k;1200;213,512k;1200;0
1201;67,0894;1201;385,907k;1201;212,533k;1201;0
1202;91,674;1202;384,16k;1202;214,067k;1202;0
1203;128,381;1203;384,002k;1203;210,579k;1203;0
1204;106,215;1204;386,295k;1204;211,476k;1204;0
1205;127,407;1205;386,311k;1205;211,212k;1205;0
1206;104,559;1206;385,475k;1206;208,618k;1206;0
1207;80,7934;1207;386,155k;1207;208,439k;1207;0
1208;91,4413;1208;387,787k;1208;206,999k;1208;0
1209;75,5623;1209;387,721k;1209;207,963k;1209;0
1210;104,629;1210;386,628k;1210;206,726k;1210;0
1211;123,183;1211;386,723k;1211;203,846k;1211;0
1212;97,5432;1212;386,163k;1212;204,646k;1212;0
1213;66,9833;1213;385,949k;1213;203,826k;1213;0
1214;93,6525;1214;388,305k;1214;203,466k;1214;0
1215;118,965;1215;388,899k;1215;202,184k;1215;0
1216;119,286;1216;389,39k;1216;202,645k;1216;0
1217;81,3142;1217;388,44k;1217;201,597k;1217;0
1218;130,021;1218;390,871k;1218;202,445k;1218;0
1219;155,889;1219;391,51k;1219;201,755k;1219;0
1220;128,096;1220;391,304k;1220;200,563k;1220;0
1221;80,0495;1221;389,843k;1221;199,167k;1221;0
1222;93,912;1222;389,209k;1222;200,433k;1222;0
1223;93,3112;1223;389,455k;1223;198,864k;1223;0
1224;81,7412;1224;387,737k;1224;198,27k;1224;0
1225;99,6154;1225;392,287k;1225;198,219k;1225;0
1226;79,7217;1226;392,871k;1226;197,441k;1226;0
1227;90,6309;1227;390,621k;1227;196,138k;1227;0
1228;110,813;1228;391,412k;1228;197,505k;1228;0
1229;143,066;1229;389,745k;1229;195,924k;1229;0
1230;74,1233;1230;391,51k;1230;196,235k;1230;0
1231;65,1369;1231;391,015k;1231;195,107k;1231;0
1232;94,1312;1232;391,174k;1232;194,609k;1232;0
1233;125,588;1233;393,08k;1233;195,123k;1233;0
1234;95,1531;1234;393,624k;1234;194,601k;1234;0
1235;64,9897;1235;393,994k;1235;193,258k;1235;0
1236;116,569;1236;394,404k;1236;192,142k;1236;0
1237;89,2357;1237;393,503k;1237;192,371k;1237;0
1238;160,816;1238;396,939k;1238;192,262k;1238;0
1239;108,158;1239;395,618k;1239;191,983k;1239;0
1240;86,9724;1240;394,453k;1240;193,405k;1240;0
1241;107,639;1241;396,685k;1241;189,656k;1241;0
1242;99,566;1242;395,383k;1242;190,301k;1242;0
1243;80,336;1243;395,537k;1243;191,349k;1243;0
1244;142,081;1244;396,909k;1244;190,736k;1244;0
1245;182,152;1245;395,795k;1245;189,304k;1245;0
1246;110,647;1246;394,448k;1246;190,483k;1246;0
1247;106,088;1247;396,057k;1247;191,45k;1247;0
1248;84,1282;1248;396,701k;1248;188,197k;1248;0
1249;106,861;1249;396,12k;1249;189,161k;1249;0
1250;78,2301;1250;396,364k;1250;189,491k;1250;0
1251;67,3442;1251;398,106k;1251;187,855k;1251;0
1252;74,0506;1252;397,919k;1252;187,984k;1252;0
1253;110,004;1253;399,063k;1253;187,653k;1253;0
1254;93,2305;1254;399,124k;1254;188,783k;1254;0
1255;74,01;1255;400,455k;1255;187,47k;1255;0
1256;104,794;1256;399,358k;1256;186,324k;1256;0
1257;80,1556;1257;398,557k;1257;186,503k;1257;0
1258;85,6791;1258;399,787k;1258;185,259k;1258;0
1259;105,987;1259;398,974k;1259;185,456k;1259;0
1260;136,806;1260;398,592k;1260;185,412k;1260;0
1261;126,326;1261;398,915k;1261;186,248k;1261;0
1262;112,401;1262;402,148k;1262;186,729k;1262;0
1263;104,149;1263;399,186k;1263;184,539k;1263;0
1264;106,508;1264;400,952k;1264;184,667k;1264;0
1265;85,1531;1265;398,373k;1265;184,751k;1265;0
1266;82,7451;1266;403,594k;1266;184,496k;1266;0
1267;132,251;1267;400,39k;1267;183,877k;1267;0
1268;101,179;1268;402,001k;1268;183,656k;1268;0
1269;84,599;1269;400,168k;1269;181,71k;1269;0
1270;88,7788;1270;400,886k;1270;183,59k;1270;0
1271;100,144;1271;402,825k;1271;183,878k;1271;0
1272;97,9753;1272;401,818k;1272;183,085k;1272;0
1273;104,488;1273;403,973k;1273;184,195k;1273;0
1274;133,486;1274;403,307k;1274;182,359k;1274;0
1275;123,175;1275;400,528k;1275;182,528k;1275;0
1276;67,1219;1276;403,444k;1276;183,191k;1276;0
1277;108,569;1277;403,632k;1277;182,758k;1277;0
1278;111,693;1278;401,578k;1278;182,825k;1278;0
1279;114,59;1279;400,703k;1279;180,612k;1279;0
1280;111,859;1280;399,147k;1280;181,584k;1280;0
1281;89,0526;1281;401,992k;1281;180,633k;1281;0
1282;93,0678;1282;400,895k;1282;181,688k;1282;0
1283;80,9161;1283;401,541k;1283;182,078k;1283;0
1284;95,0435;1284;401,537k;1284;181,589k;1284;0
1285;75,9321;1285;399,118k;1285;179,677k;1285;0
1286;93,3243;1286;403,013k;1286;183,326k;1286;0
1287;108,688;1287;402,492k;1287;179,553k;1287;0
1288;60,5083;1288;401,89k;1288;180,651k;1288;0
1289;123,818;1289;401,2k;1289;180,601k;1289;0
1290;100,028;1290;401,324k;1290;178,927k;1290;0
1291;91,1603;1291;398,828k;1291;176,994k;1291;0
1292;128,534;1292;397,964k;1292;179,194k;1292;0
1293;115,382;1293;397,892k;1293;179,16k;1293;0
